event_array_index,response_sample,condition
19,9011,cor
21,9547,cor
23,10031,cor
27,11219,cor
29,11915,cor
31,12291,cor
33,12827,cor
37,14047,cor
39,14543,cor
43,15843,cor
45,16439,cor
47,16979,cor
49,17667,cor
51,18107,cor
53,18651,cor
55,19435,cor
59,20483,cor
61,30254,cor
63,30766,cor
65,31162,cor
67,31718,cor
69,32242,cor
71,32830,cor
73,33462,cor
75,34070,cor
77,34654,cor
79,35218,cor
81,35698,cor
83,36174,cor
85,36658,cor
87,37178,cor
89,37646,cor
93,38974,cor
95,39414,cor
97,40090,cor
99,40742,cor
101,41202,cor
103,41874,cor
105,42410,cor
107,43102,cor
109,43606,cor
111,44094,cor
113,44606,cor
115,45306,cor
117,45962,cor
119,46438,cor
122,55094,cor
124,55666,cor
126,56070,cor
128,56762,cor
130,57502,cor
132,57810,cor
136,58922,cor
138,59542,cor
140,60130,cor
142,60574,cor
144,61050,cor
146,61674,cor
150,62798,cor
152,63474,cor
154,63906,cor
156,64406,cor
158,65002,cor
160,65442,err
162,66206,cor
164,66674,cor
166,67206,cor
168,67706,cor
170,68338,cor
174,69394,cor
176,69941,cor
178,70606,cor
180,80353,cor
182,80817,cor
184,81409,cor
186,81881,cor
188,82381,cor
190,82877,cor
192,83525,cor
194,84041,cor
196,84545,err
202,86501,cor
206,87685,cor
210,89029,cor
212,89429,cor
214,89929,cor
216,90473,cor
218,91065,cor
220,91525,cor
222,92165,cor
224,92825,cor
226,93433,cor
228,94153,cor
230,94517,cor
241,105225,cor
243,105765,cor
249,107353,cor
251,107813,cor
253,108517,cor
255,108969,cor
257,109457,cor
259,109925,cor
263,111089,cor
265,111637,cor
267,112120,cor
272,114148,cor
274,114720,cor
278,116048,cor
280,116540,cor
282,117121,cor
284,117792,cor
286,118452,cor
288,118952,cor
290,119528,cor
292,119988,cor
296,130636,cor
298,131332,cor
302,132344,cor
304,132960,cor
306,133484,cor
308,134044,cor
310,134552,cor
312,135176,cor
314,135612,cor
316,136288,cor
318,136776,cor
320,137280,cor
324,138396,cor
326,138952,cor
328,139552,cor
330,140068,cor
332,140628,cor
334,141124,cor
336,141676,cor
338,142200,cor
340,142772,cor
344,143828,cor
346,144576,cor
348,145080,cor
350,145740,cor
352,146188,cor
354,155863,cor
356,156355,cor
358,156967,cor
360,157687,cor
364,158739,cor
366,159271,cor
368,159739,cor
370,160299,cor
372,160955,cor
374,161559,cor
376,162199,cor
378,162643,cor
380,163339,cor
384,164635,cor
386,165155,cor
388,165731,cor
390,166371,err
392,166939,cor
394,167511,cor
396,168083,cor
398,168747,cor
400,169239,cor
402,169839,cor
404,170359,cor
406,170827,cor
408,171279,cor
410,171955,cor
412,172431,cor
416,182639,cor
418,183347,cor
420,183858,cor
422,184350,cor
424,184935,cor
426,185466,cor
428,185990,cor
432,187023,cor
436,188330,cor
442,190014,cor
444,190514,cor
446,191010,cor
448,191606,cor
450,192106,cor
452,192742,cor
454,193198,cor
456,193794,cor
458,194242,cor
460,194882,cor
462,195434,cor
464,195966,cor
466,196530,cor
468,197014,cor
470,197546,cor
474,207754,cor
476,208194,cor
478,208814,cor
484,210502,cor
486,211142,cor
488,211602,cor
490,212266,cor
492,212826,cor
496,214050,cor
498,214582,cor
500,215106,cor
502,215738,cor
504,216294,cor
506,216810,err
508,217334,cor
512,218586,cor
514,219034,cor
516,219642,cor
518,220218,cor
520,220873,cor
524,221945,cor
526,222349,cor
528,223009,cor
538,233253,cor
540,233813,cor
542,234217,cor
544,234821,cor
546,235317,cor
548,236005,cor
550,236517,cor
552,236993,cor
554,237589,cor
556,238077,cor
558,238601,cor
560,239097,cor
564,240141,err
567,241357,cor
569,241981,cor
573,243209,cor
575,243789,cor
577,244293,cor
579,244901,cor
581,245553,cor
583,245993,cor
585,246513,cor
587,247005,cor
589,247433,cor
591,247969,cor
593,257537,cor
595,258077,cor
599,259304,cor
601,259785,cor
603,260505,cor
605,260940,cor
607,261336,cor
609,261832,cor
611,262361,cor
619,264660,cor
621,265136,cor
623,265685,cor
625,266312,cor
629,267440,cor
631,268096,cor
633,268532,cor
635,269152,cor
637,269745,cor
641,270912,cor
643,271544,cor
645,272052,cor
647,272448,cor
649,273104,cor
651,273512,cor
