event_array_index,response_sample,condition,retained,drop_reasons
2,3679,cor,False,E1;E2;E3;E4;E5;E6;E7;E8;E9;E10;E12;E13;E14;E15;E16;E17;E18;E19;E20;E21;E22;E23;E24;E25;E26;E27;E28;E29;E30;E31;E32;E33;E34;E35;E36;E37;E38;E39;E40;E41;E42;E43;E44;E45;E46;E47;E48;E49;E50;E51;E52;E53;E55;E56;E57;E58;E59;E60;E61;E62;E63;E64;E65;E66;E68;E69;E70;E72;E74;E75;E76;E77;E78;E79;E80;E81;E82;E83;E84;E85;E86;E87;E88;E90;E91;E92;E93;E94;E95;E96;E97;E98;E99;E101;E102;E103;E104;E105;E106;E107;E108;E109;E110;E111;E112;E113;E114;E115;E116;E117;E118;E119;E120;E121;E122;E123;E124;E125;E126;E127;E128;E129
5,4823,cor,False,E1;E3;E4;E5;E7;E8;E9;E10;E12;E14;E15;E16;E17;E18;E19;E20;E21;E22;E23;E24;E25;E26;E27;E28;E29;E30;E32;E33;E34;E35;E36;E37;E38;E39;E40;E41;E42;E44;E46;E47;E48;E49;E50;E51;E52;E55;E56;E58;E62;E63;E64;E65;E69;E70;E72;E75;E76;E77;E78;E79;E80;E82;E84;E85;E86;E87;E90;E91;E92;E93;E95;E96;E97;E98;E99;E101;E102;E103;E104;E105;E106;E107;E108;E109;E112;E113;E114;E115;E117;E118;E120;E121;E122;E123;E124;E125;E126;E127;E128
7,5279,cor,False,E1;E8;E9;E14;E15;E17;E18;E19;E21;E22;E23;E24;E25;E26;E27;E32;E33;E34;E35;E38;E39;E42;E44;E49;E51;E52;E58;E65;E70;E76;E77;E78;E79;E80;E85;E86;E87;E90;E99;E103;E105;E107;E109;E112;E114;E115;E117;E120;E121;E122;E123;E124;E125;E126;E127;E128
9,5819,cor,False,E1;E17;E18;E21;E22;E23;E24;E26;E32;E33;E34;E35;E39;E42;E51;E58;E70;E76;E77;E78;E79;E80;E85;E86;E87;E90;E99;E105;E107;E112;E114;E115;E117;E120;E121;E122;E124;E125;E127;E128
11,6519,cor,False,E1;E8;E9;E14;E15;E16;E17;E18;E19;E21;E22;E23;E24;E25;E26;E27;E28;E32;E33;E34;E35;E36;E38;E39;E42;E44;E46;E49;E51;E52;E58;E65;E70;E76;E77;E78;E79;E80;E85;E86;E87;E90;E91;E95;E99;E102;E103;E104;E105;E106;E107;E109;E112;E113;E114;E115;E117;E120;E121;E122;E123;E124;E125;E126;E127;E128
13,7095,cor,False,E1;E8;E9;E14;E15;E16;E17;E18;E19;E21;E22;E23;E24;E25;E26;E27;E28;E32;E33;E34;E35;E36;E38;E39;E42;E44;E49;E51;E52;E58;E65;E70;E76;E77;E78;E79;E80;E85;E86;E87;E90;E91;E99;E102;E103;E105;E106;E107;E109;E112;E113;E114;E115;E117;E120;E121;E122;E123;E124;E125;E126;E127;E128
15,7803,cor,False,E1;E8;E14;E15;E16;E17;E18;E19;E21;E22;E23;E24;E25;E26;E27;E32;E33;E34;E35;E39;E42;E44;E49;E51;E58;E70;E76;E77;E78;E79;E80;E85;E86;E87;E90;E99;E103;E105;E107;E109;E112;E114;E115;E117;E120;E121;E122;E123;E124;E125;E126;E127;E128
17,8371,cor,False,E1;E8;E9;E14;E15;E17;E21;E22;E25;E32;E34;E39;E51;E58;E70;E76;E77;E78;E79;E80;E85;E86;E87;E99;E105;E107;E112;E114;E115;E120;E121;E122;E124;E125;E127;E128
19,9011,cor,True,
21,9547,cor,True,
23,10031,cor,True,
25,10563,cor,False,E8;E9;E14;E15;E21;E22;E25
27,11219,cor,True,
29,11915,cor,True,
31,12291,cor,True,
33,12827,cor,True,
35,13411,err,False,E8;E14;E21;E25
37,14047,cor,True,
39,14543,cor,True,
41,15155,cor,False,E8;E14;E21;E25
43,15843,cor,True,
45,16439,cor,True,
47,16979,cor,True,
49,17667,cor,True,
51,18107,cor,True,
53,18651,cor,True,
55,19435,cor,True,
57,19851,err,False,E8;E9;E14;E21;E25
59,20483,cor,True,
61,30254,cor,True,
63,30766,cor,True,
65,31162,cor,True,
67,31718,cor,True,
69,32242,cor,True,
71,32830,cor,True,
73,33462,cor,True,
75,34070,cor,True,
77,34654,cor,True,
79,35218,cor,True,
81,35698,cor,True,
83,36174,cor,True,
85,36658,cor,True,
87,37178,cor,True,
89,37646,cor,True,
91,38342,cor,False,E8;E14
93,38974,cor,True,
95,39414,cor,True,
97,40090,cor,True,
99,40742,cor,True,
101,41202,cor,True,
103,41874,cor,True,
105,42410,cor,True,
107,43102,cor,True,
109,43606,cor,True,
111,44094,cor,True,
113,44606,cor,True,
115,45306,cor,True,
117,45962,cor,True,
119,46438,cor,True,
122,55094,cor,True,
124,55666,cor,True,
126,56070,cor,True,
128,56762,cor,True,
130,57502,cor,True,
132,57810,cor,True,
134,58366,err,False,E8;E14;E21
136,58922,cor,True,
138,59542,cor,True,
140,60130,cor,True,
142,60574,cor,True,
144,61050,cor,True,
146,61674,cor,True,
148,62342,cor,False,E8;E14;E25
150,62798,cor,True,
152,63474,cor,True,
154,63906,cor,True,
156,64406,cor,True,
158,65002,cor,True,
160,65442,err,True,
162,66206,cor,True,
164,66674,cor,True,
166,67206,cor,True,
168,67706,cor,True,
170,68338,cor,True,
172,68938,cor,False,E14;E21;E25
174,69394,cor,True,
176,69941,cor,True,
178,70606,cor,True,
180,80353,cor,True,
182,80817,cor,True,
184,81409,cor,True,
186,81881,cor,True,
188,82381,cor,True,
190,82877,cor,True,
192,83525,cor,True,
194,84041,cor,True,
196,84545,err,True,
198,85205,err,False,E8;E9;E10;E14;E15;E16;E17;E21;E22;E25;E126;E127
200,86045,cor,False,E8;E14;E21;E126
202,86501,cor,True,
204,87001,cor,False,E14;E25
206,87685,cor,True,
208,88213,err,False,E14;E25;E126
210,89029,cor,True,
212,89429,cor,True,
214,89929,cor,True,
216,90473,cor,True,
218,91065,cor,True,
220,91525,cor,True,
222,92165,cor,True,
224,92825,cor,True,
226,93433,cor,True,
228,94153,cor,True,
230,94517,cor,True,
232,95065,err,False,E8;E14;E15;E17;E21;E22;E25
234,95733,cor,False,E17;E21;E25
236,96197,cor,False,E21
239,104765,cor,False,E3;E4;E19;E23;E118
241,105225,cor,True,
243,105765,cor,True,
245,106377,cor,False,E127
247,106829,cor,False,E127
249,107353,cor,True,
251,107813,cor,True,
253,108517,cor,True,
255,108969,cor,True,
257,109457,cor,True,
259,109925,cor,True,
261,110705,cor,False,E14;E25
263,111089,cor,True,
265,111637,cor,True,
267,112120,cor,True,
272,114148,cor,True,
274,114720,cor,True,
276,115312,cor,False,E14;E25
278,116048,cor,True,
280,116540,cor,True,
282,117121,cor,True,
284,117792,cor,True,
286,118452,cor,True,
288,118952,cor,True,
290,119528,cor,True,
292,119988,cor,True,
296,130636,cor,True,
298,131332,cor,True,
300,131776,cor,False,E8;E25;E70
302,132344,cor,True,
304,132960,cor,True,
306,133484,cor,True,
308,134044,cor,True,
310,134552,cor,True,
312,135176,cor,True,
314,135612,cor,True,
316,136288,cor,True,
318,136776,cor,True,
320,137280,cor,True,
322,137892,cor,False,E8;E9;E14;E21
324,138396,cor,True,
326,138952,cor,True,
328,139552,cor,True,
330,140068,cor,True,
332,140628,cor,True,
334,141124,cor,True,
336,141676,cor,True,
338,142200,cor,True,
340,142772,cor,True,
342,143320,cor,False,E8;E9;E14;E21
344,143828,cor,True,
346,144576,cor,True,
348,145080,cor,True,
350,145740,cor,True,
352,146188,cor,True,
354,155863,cor,True,
356,156355,cor,True,
358,156967,cor,True,
360,157687,cor,True,
362,158319,cor,False,E8;E9;E14;E25
364,158739,cor,True,
366,159271,cor,True,
368,159739,cor,True,
370,160299,cor,True,
372,160955,cor,True,
374,161559,cor,True,
376,162199,cor,True,
378,162643,cor,True,
380,163339,cor,True,
382,163979,cor,False,E14
384,164635,cor,True,
386,165155,cor,True,
388,165731,cor,True,
390,166371,err,True,
392,166939,cor,True,
394,167511,cor,True,
396,168083,cor,True,
398,168747,cor,True,
400,169239,cor,True,
402,169839,cor,True,
404,170359,cor,True,
406,170827,cor,True,
408,171279,cor,True,
410,171955,cor,True,
412,172431,cor,True,
414,182127,cor,False,E32;E128
416,182639,cor,True,
418,183347,cor,True,
420,183858,cor,True,
422,184350,cor,True,
424,184935,cor,True,
426,185466,cor,True,
428,185990,cor,True,
430,186562,cor,False,E14
432,187023,cor,True,
434,187666,err,False,E8;E14;E126
436,188330,cor,True,
438,188858,cor,False,E8;E14
440,189482,cor,False,E8;E14
442,190014,cor,True,
444,190514,cor,True,
446,191010,cor,True,
448,191606,cor,True,
450,192106,cor,True,
452,192742,cor,True,
454,193198,cor,True,
456,193794,cor,True,
458,194242,cor,True,
460,194882,cor,True,
462,195434,cor,True,
464,195966,cor,True,
466,196530,cor,True,
468,197014,cor,True,
470,197546,cor,True,
472,198170,cor,False,E8;E14
474,207754,cor,True,
476,208194,cor,True,
478,208814,cor,True,
480,209382,cor,False,E8;E14
482,210014,cor,False,E8;E14;E21
484,210502,cor,True,
486,211142,cor,True,
488,211602,cor,True,
490,212266,cor,True,
492,212826,cor,True,
494,213426,cor,False,E8;E14
496,214050,cor,True,
498,214582,cor,True,
500,215106,cor,True,
502,215738,cor,True,
504,216294,cor,True,
506,216810,err,True,
508,217334,cor,True,
510,217862,cor,False,E8;E14
512,218586,cor,True,
514,219034,cor,True,
516,219642,cor,True,
518,220218,cor,True,
520,220873,cor,True,
522,221353,cor,False,E8
524,221945,cor,True,
526,222349,cor,True,
528,223009,cor,True,
530,223645,cor,False,E126
532,224213,cor,False,E8;E14
534,232193,cor,False,E32
536,232709,cor,False,E8;E14;E25
538,233253,cor,True,
540,233813,cor,True,
542,234217,cor,True,
544,234821,cor,True,
546,235317,cor,True,
548,236005,cor,True,
550,236517,cor,True,
552,236993,cor,True,
554,237589,cor,True,
556,238077,cor,True,
558,238601,cor,True,
560,239097,cor,True,
562,239649,cor,False,E8;E9;E14;E15;E21;E22;E25;E126;E127
564,240141,err,True,
567,241357,cor,True,
569,241981,cor,True,
571,242625,cor,False,E8;E14;E21
573,243209,cor,True,
575,243789,cor,True,
577,244293,cor,True,
579,244901,cor,True,
581,245553,cor,True,
583,245993,cor,True,
585,246513,cor,True,
587,247005,cor,True,
589,247433,cor,True,
591,247969,cor,True,
593,257537,cor,True,
595,258077,cor,True,
597,258665,cor,False,E8;E9;E14;E15;E21;E22;E25
599,259304,cor,True,
601,259785,cor,True,
603,260505,cor,True,
605,260940,cor,True,
607,261336,cor,True,
609,261832,cor,True,
611,262361,cor,True,
613,263012,cor,False,E8;E14
615,263556,cor,False,E14
617,264096,cor,False,E8;E14;E126;E127
619,264660,cor,True,
621,265136,cor,True,
623,265685,cor,True,
625,266312,cor,True,
627,266804,cor,False,E14
629,267440,cor,True,
631,268096,cor,True,
633,268532,cor,True,
635,269152,cor,True,
637,269745,cor,True,
639,270408,cor,False,E8;E14;E21
641,270912,cor,True,
643,271544,cor,True,
645,272052,cor,True,
647,272448,cor,True,
649,273104,cor,True,
651,273512,cor,True,
