event_array_index,response_sample,condition,retained,drop_reasons,urevent,trial_number,rt_ms,expected_condition,participant,session,task,max_peak_to_peak_uV,max_channel,E14_peak_to_peak_uV,E6_peak_to_peak_uV
35,13411,err,False,E8;E14;E21;E25,93,18,386.0,err,sub-1004,ses-1,ffb,123.1664299645825,E14,123.1664299645825,7.106152269811924
57,19851,err,False,E8;E9;E14;E21;E25,148,29,484.0,err,sub-1004,ses-1,ffb,131.5915264068443,E8,131.36516739347,12.047063417181823
134,58366,err,False,E8;E14;E21,342,68,323.0,err,sub-1004,ses-1,ffb,119.45215815256961,E14,119.45215815256961,8.808966532192409
160,65442,err,True,,407,81,444.0,err,sub-1004,ses-1,ffb,70.10907603854716,E14,70.10907603854716,9.320393035417561
196,84545,err,True,,497,99,338.0,err,sub-1004,ses-1,ffb,97.49564001010995,E17,68.87564985621582,7.9668130450424135
198,85205,err,False,E8;E9;E10;E14;E15;E16;E17;E21;E22;E25;E126;E127,502,100,342.0,err,sub-1004,ses-1,ffb,853.4267220644638,E126,319.0012863391942,13.9754275423864
208,88213,err,False,E14;E25;E126,527,105,375.0,err,sub-1004,ses-1,ffb,112.82352967611835,E14,112.82352967611835,9.022355256010453
232,95065,err,False,E8;E14;E15;E17;E21;E22;E25,587,117,346.0,err,sub-1004,ses-1,ffb,360.41778290706014,E21,131.30191431049656,9.881721665359306
390,166371,err,True,,991,199,560.0,err,sub-1004,ses-1,ffb,61.02496112654695,E14,61.02496112654695,10.222807887267258
434,187666,err,False,E8;E14;E126,1101,221,338.0,err,sub-1004,ses-1,ffb,144.15818511729316,E126,124.39845288994604,9.279256121922039
506,216810,err,True,,1281,257,516.0,err,sub-1004,ses-1,ffb,65.98690468700181,E8,54.92078974955219,7.790579788167952
564,240141,err,True,,1426,286,367.0,err,sub-1004,ses-1,ffb,61.676917651551115,E21,56.737060485322836,7.146921393124928
