event_array_index,response_sample,condition,retained,drop_reasons,urevent,trial_number,rt_ms,expected_condition,participant,session,task
2,3679,cor,False,E1;E2;E3;E4;E5;E6;E7;E8;E9;E10;E12;E13;E14;E15;E16;E17;E18;E19;E20;E21;E22;E23;E24;E25;E26;E27;E28;E29;E30;E31;E32;E33;E34;E35;E36;E37;E38;E39;E40;E41;E42;E43;E44;E45;E46;E47;E48;E49;E50;E51;E52;E53;E55;E56;E57;E58;E59;E60;E61;E62;E63;E64;E65;E66;E68;E69;E70;E72;E74;E75;E76;E77;E78;E79;E80;E81;E82;E83;E84;E85;E86;E87;E88;E90;E91;E92;E93;E94;E95;E96;E97;E98;E99;E101;E102;E103;E104;E105;E106;E107;E108;E109;E110;E111;E112;E113;E114;E115;E116;E117;E118;E119;E120;E121;E122;E123;E124;E125;E126;E127;E128;E129,9,1,1071.0,cor,sub-1004,ses-1,ffb
5,4823,cor,False,E1;E3;E4;E5;E7;E8;E9;E10;E12;E14;E15;E16;E17;E18;E19;E20;E21;E22;E23;E24;E25;E26;E27;E28;E29;E30;E32;E33;E34;E35;E36;E37;E38;E39;E40;E41;E42;E44;E46;E47;E48;E49;E50;E51;E52;E55;E56;E58;E62;E63;E64;E65;E69;E70;E72;E75;E76;E77;E78;E79;E80;E82;E84;E85;E86;E87;E90;E91;E92;E93;E95;E96;E97;E98;E99;E101;E102;E103;E104;E105;E106;E107;E108;E109;E112;E113;E114;E115;E117;E118;E120;E121;E122;E123;E124;E125;E126;E127;E128,18,3,859.0,cor,sub-1004,ses-1,ffb
7,5279,cor,False,E1;E8;E9;E14;E15;E17;E18;E19;E21;E22;E23;E24;E25;E26;E27;E32;E33;E34;E35;E38;E39;E42;E44;E49;E51;E52;E58;E65;E70;E76;E77;E78;E79;E80;E85;E86;E87;E90;E99;E103;E105;E107;E109;E112;E114;E115;E117;E120;E121;E122;E123;E124;E125;E126;E127;E128,23,4,521.0,cor,sub-1004,ses-1,ffb
9,5819,cor,False,E1;E17;E18;E21;E22;E23;E24;E26;E32;E33;E34;E35;E39;E42;E51;E58;E70;E76;E77;E78;E79;E80;E85;E86;E87;E90;E99;E105;E107;E112;E114;E115;E117;E120;E121;E122;E124;E125;E127;E128,28,5,434.0,cor,sub-1004,ses-1,ffb
11,6519,cor,False,E1;E8;E9;E14;E15;E16;E17;E18;E19;E21;E22;E23;E24;E25;E26;E27;E28;E32;E33;E34;E35;E36;E38;E39;E42;E44;E46;E49;E51;E52;E58;E65;E70;E76;E77;E78;E79;E80;E85;E86;E87;E90;E91;E95;E99;E102;E103;E104;E105;E106;E107;E109;E112;E113;E114;E115;E117;E120;E121;E122;E123;E124;E125;E126;E127;E128,33,6,518.0,cor,sub-1004,ses-1,ffb
13,7095,cor,False,E1;E8;E9;E14;E15;E16;E17;E18;E19;E21;E22;E23;E24;E25;E26;E27;E28;E32;E33;E34;E35;E36;E38;E39;E42;E44;E49;E51;E52;E58;E65;E70;E76;E77;E78;E79;E80;E85;E86;E87;E90;E91;E99;E102;E103;E105;E106;E107;E109;E112;E113;E114;E115;E117;E120;E121;E122;E123;E124;E125;E126;E127;E128,38,7,403.0,cor,sub-1004,ses-1,ffb
15,7803,cor,False,E1;E8;E14;E15;E16;E17;E18;E19;E21;E22;E23;E24;E25;E26;E27;E32;E33;E34;E35;E39;E42;E44;E49;E51;E58;E70;E76;E77;E78;E79;E80;E85;E86;E87;E90;E99;E103;E105;E107;E109;E112;E114;E115;E117;E120;E121;E122;E123;E124;E125;E126;E127;E128,43,8,586.0,cor,sub-1004,ses-1,ffb
17,8371,cor,False,E1;E8;E9;E14;E15;E17;E21;E22;E25;E32;E34;E39;E51;E58;E70;E76;E77;E78;E79;E80;E85;E86;E87;E99;E105;E107;E112;E114;E115;E120;E121;E122;E124;E125;E127;E128,48,9,439.0,cor,sub-1004,ses-1,ffb
19,9011,cor,True,,53,10,619.0,cor,sub-1004,ses-1,ffb
21,9547,cor,True,,58,11,625.0,cor,sub-1004,ses-1,ffb
23,10031,cor,True,,63,12,593.0,cor,sub-1004,ses-1,ffb
25,10563,cor,False,E8;E9;E14;E15;E21;E22;E25,68,13,440.0,cor,sub-1004,ses-1,ffb
27,11219,cor,True,,73,14,736.0,cor,sub-1004,ses-1,ffb
29,11915,cor,True,,78,15,861.0,cor,sub-1004,ses-1,ffb
31,12291,cor,True,,83,16,497.0,cor,sub-1004,ses-1,ffb
33,12827,cor,True,,88,17,368.0,cor,sub-1004,ses-1,ffb
35,13411,err,False,E8;E14;E21;E25,93,18,386.0,err,sub-1004,ses-1,ffb
37,14047,cor,True,,98,19,508.0,cor,sub-1004,ses-1,ffb
39,14543,cor,True,,103,20,517.0,cor,sub-1004,ses-1,ffb
41,15155,cor,False,E8;E14;E21;E25,108,21,524.0,cor,sub-1004,ses-1,ffb
43,15843,cor,True,,113,22,634.0,cor,sub-1004,ses-1,ffb
45,16439,cor,True,,118,23,659.0,cor,sub-1004,ses-1,ffb
47,16979,cor,True,,123,24,556.0,cor,sub-1004,ses-1,ffb
49,17667,cor,True,,128,25,699.0,cor,sub-1004,ses-1,ffb
51,18107,cor,True,,133,26,529.0,cor,sub-1004,ses-1,ffb
53,18651,cor,True,,138,27,334.0,cor,sub-1004,ses-1,ffb
55,19435,cor,True,,143,28,619.0,cor,sub-1004,ses-1,ffb
57,19851,err,False,E8;E9;E14;E21;E25,148,29,484.0,err,sub-1004,ses-1,ffb
59,20483,cor,True,,153,30,765.0,cor,sub-1004,ses-1,ffb
61,30254,cor,True,,158,31,877.0,cor,sub-1004,ses-1,ffb
63,30766,cor,True,,163,32,668.0,cor,sub-1004,ses-1,ffb
65,31162,cor,True,,168,33,443.0,cor,sub-1004,ses-1,ffb
67,31718,cor,True,,173,34,439.0,cor,sub-1004,ses-1,ffb
69,32242,cor,True,,178,35,437.0,cor,sub-1004,ses-1,ffb
71,32830,cor,True,,183,36,480.0,cor,sub-1004,ses-1,ffb
73,33462,cor,True,,188,37,711.0,cor,sub-1004,ses-1,ffb
75,34070,cor,True,,193,38,610.0,cor,sub-1004,ses-1,ffb
77,34654,cor,True,,198,39,595.0,cor,sub-1004,ses-1,ffb
79,35218,cor,True,,203,40,556.0,cor,sub-1004,ses-1,ffb
81,35698,cor,True,,208,41,516.0,cor,sub-1004,ses-1,ffb
83,36174,cor,True,,213,42,452.0,cor,sub-1004,ses-1,ffb
85,36658,cor,True,,218,43,370.0,cor,sub-1004,ses-1,ffb
87,37178,cor,True,,223,44,410.0,cor,sub-1004,ses-1,ffb
89,37646,cor,True,,228,45,330.0,cor,sub-1004,ses-1,ffb
91,38342,cor,False,E8;E14,233,46,488.0,cor,sub-1004,ses-1,ffb
93,38974,cor,True,,238,47,502.0,cor,sub-1004,ses-1,ffb
95,39414,cor,True,,243,48,383.0,cor,sub-1004,ses-1,ffb
97,40090,cor,True,,248,49,418.0,cor,sub-1004,ses-1,ffb
99,40742,cor,True,,253,50,539.0,cor,sub-1004,ses-1,ffb
101,41202,cor,True,,258,51,459.0,cor,sub-1004,ses-1,ffb
103,41874,cor,True,,263,52,537.0,cor,sub-1004,ses-1,ffb
105,42410,cor,True,,268,53,559.0,cor,sub-1004,ses-1,ffb
107,43102,cor,True,,273,54,643.0,cor,sub-1004,ses-1,ffb
109,43606,cor,True,,278,55,601.0,cor,sub-1004,ses-1,ffb
111,44094,cor,True,,283,56,477.0,cor,sub-1004,ses-1,ffb
113,44606,cor,True,,288,57,468.0,cor,sub-1004,ses-1,ffb
115,45306,cor,True,,293,58,568.0,cor,sub-1004,ses-1,ffb
117,45962,cor,True,,298,59,630.0,cor,sub-1004,ses-1,ffb
119,46438,cor,True,,303,60,432.0,cor,sub-1004,ses-1,ffb
122,55094,cor,True,,312,62,395.0,cor,sub-1004,ses-1,ffb
124,55666,cor,True,,317,63,474.0,cor,sub-1004,ses-1,ffb
126,56070,cor,True,,322,64,347.0,cor,sub-1004,ses-1,ffb
128,56762,cor,True,,327,65,482.0,cor,sub-1004,ses-1,ffb
130,57502,cor,True,,332,66,662.0,cor,sub-1004,ses-1,ffb
132,57810,cor,True,,337,67,345.0,cor,sub-1004,ses-1,ffb
134,58366,err,False,E8;E14;E21,342,68,323.0,err,sub-1004,ses-1,ffb
136,58922,cor,True,,347,69,502.0,cor,sub-1004,ses-1,ffb
138,59542,cor,True,,352,70,542.0,cor,sub-1004,ses-1,ffb
140,60130,cor,True,,357,71,518.0,cor,sub-1004,ses-1,ffb
142,60574,cor,True,,362,72,490.0,cor,sub-1004,ses-1,ffb
144,61050,cor,True,,367,73,342.0,cor,sub-1004,ses-1,ffb
146,61674,cor,True,,372,74,323.0,cor,sub-1004,ses-1,ffb
148,62342,cor,False,E8;E14;E25,377,75,676.0,cor,sub-1004,ses-1,ffb
150,62798,cor,True,,382,76,538.0,cor,sub-1004,ses-1,ffb
152,63474,cor,True,,387,77,657.0,cor,sub-1004,ses-1,ffb
154,63906,cor,True,,392,78,471.0,cor,sub-1004,ses-1,ffb
156,64406,cor,True,,397,79,321.0,cor,sub-1004,ses-1,ffb
158,65002,cor,True,,402,80,580.0,cor,sub-1004,ses-1,ffb
160,65442,err,True,,407,81,444.0,err,sub-1004,ses-1,ffb
162,66206,cor,True,,412,82,705.0,cor,sub-1004,ses-1,ffb
164,66674,cor,True,,417,83,475.0,cor,sub-1004,ses-1,ffb
166,67206,cor,True,,422,84,439.0,cor,sub-1004,ses-1,ffb
168,67706,cor,True,,427,85,439.0,cor,sub-1004,ses-1,ffb
170,68338,cor,True,,432,86,470.0,cor,sub-1004,ses-1,ffb
172,68938,cor,False,E14;E21;E25,437,87,420.0,cor,sub-1004,ses-1,ffb
174,69394,cor,True,,442,88,398.0,cor,sub-1004,ses-1,ffb
176,69941,cor,True,,447,89,427.0,cor,sub-1004,ses-1,ffb
178,70606,cor,True,,452,90,656.0,cor,sub-1004,ses-1,ffb
180,80353,cor,True,,457,91,770.0,cor,sub-1004,ses-1,ffb
182,80817,cor,True,,462,92,515.0,cor,sub-1004,ses-1,ffb
184,81409,cor,True,,467,93,499.0,cor,sub-1004,ses-1,ffb
186,81881,cor,True,,472,94,360.0,cor,sub-1004,ses-1,ffb
188,82381,cor,True,,477,95,393.0,cor,sub-1004,ses-1,ffb
190,82877,cor,True,,482,96,402.0,cor,sub-1004,ses-1,ffb
192,83525,cor,True,,487,97,415.0,cor,sub-1004,ses-1,ffb
194,84041,cor,True,,492,98,447.0,cor,sub-1004,ses-1,ffb
196,84545,err,True,,497,99,338.0,err,sub-1004,ses-1,ffb
198,85205,err,False,E8;E9;E10;E14;E15;E16;E17;E21;E22;E25;E126;E127,502,100,342.0,err,sub-1004,ses-1,ffb
200,86045,cor,False,E8;E14;E21;E126,507,101,889.0,cor,sub-1004,ses-1,ffb
202,86501,cor,True,,512,102,667.0,cor,sub-1004,ses-1,ffb
204,87001,cor,False,E14;E25,517,103,384.0,cor,sub-1004,ses-1,ffb
206,87685,cor,True,,522,104,519.0,cor,sub-1004,ses-1,ffb
208,88213,err,False,E14;E25;E126,527,105,375.0,err,sub-1004,ses-1,ffb
210,89029,cor,True,,532,106,741.0,cor,sub-1004,ses-1,ffb
212,89429,cor,True,,537,107,591.0,cor,sub-1004,ses-1,ffb
214,89929,cor,True,,542,108,508.0,cor,sub-1004,ses-1,ffb
216,90473,cor,True,,547,109,395.0,cor,sub-1004,ses-1,ffb
218,91065,cor,True,,552,110,580.0,cor,sub-1004,ses-1,ffb
220,91525,cor,True,,557,111,450.0,cor,sub-1004,ses-1,ffb
222,92165,cor,True,,562,112,497.0,cor,sub-1004,ses-1,ffb
224,92825,cor,True,,567,113,517.0,cor,sub-1004,ses-1,ffb
226,93433,cor,True,,572,114,465.0,cor,sub-1004,ses-1,ffb
228,94153,cor,True,,577,115,606.0,cor,sub-1004,ses-1,ffb
230,94517,cor,True,,582,116,384.0,cor,sub-1004,ses-1,ffb
232,95065,err,False,E8;E14;E15;E17;E21;E22;E25,587,117,346.0,err,sub-1004,ses-1,ffb
234,95733,cor,False,E17;E21;E25,592,118,616.0,cor,sub-1004,ses-1,ffb
236,96197,cor,False,E21,597,119,361.0,cor,sub-1004,ses-1,ffb
239,104765,cor,False,E3;E4;E19;E23;E118,606,121,782.0,cor,sub-1004,ses-1,ffb
241,105225,cor,True,,611,122,552.0,cor,sub-1004,ses-1,ffb
243,105765,cor,True,,616,123,449.0,cor,sub-1004,ses-1,ffb
245,106377,cor,False,E127,621,124,673.0,cor,sub-1004,ses-1,ffb
247,106829,cor,False,E127,626,125,477.0,cor,sub-1004,ses-1,ffb
249,107353,cor,True,,631,126,442.0,cor,sub-1004,ses-1,ffb
251,107813,cor,True,,636,127,445.0,cor,sub-1004,ses-1,ffb
253,108517,cor,True,,641,128,820.0,cor,sub-1004,ses-1,ffb
255,108969,cor,True,,646,129,758.0,cor,sub-1004,ses-1,ffb
257,109457,cor,True,,651,130,450.0,cor,sub-1004,ses-1,ffb
259,109925,cor,True,,656,131,387.0,cor,sub-1004,ses-1,ffb
261,110705,cor,False,E14;E25,661,132,663.0,cor,sub-1004,ses-1,ffb
263,111089,cor,True,,666,133,481.0,cor,sub-1004,ses-1,ffb
265,111637,cor,True,,671,134,478.0,cor,sub-1004,ses-1,ffb
267,112120,cor,True,,676,135,495.0,cor,sub-1004,ses-1,ffb
272,114148,cor,True,,693,139,435.0,cor,sub-1004,ses-1,ffb
274,114720,cor,True,,698,140,429.0,cor,sub-1004,ses-1,ffb
276,115312,cor,False,E14;E25,703,141,379.0,cor,sub-1004,ses-1,ffb
278,116048,cor,True,,708,142,652.0,cor,sub-1004,ses-1,ffb
280,116540,cor,True,,713,143,536.0,cor,sub-1004,ses-1,ffb
282,117121,cor,True,,718,144,430.0,cor,sub-1004,ses-1,ffb
284,117792,cor,True,,723,145,590.0,cor,sub-1004,ses-1,ffb
286,118452,cor,True,,728,146,627.0,cor,sub-1004,ses-1,ffb
288,118952,cor,True,,733,147,627.0,cor,sub-1004,ses-1,ffb
290,119528,cor,True,,738,148,796.0,cor,sub-1004,ses-1,ffb
292,119988,cor,True,,743,149,666.0,cor,sub-1004,ses-1,ffb
296,130636,cor,True,,756,152,448.0,cor,sub-1004,ses-1,ffb
298,131332,cor,True,,761,153,656.0,cor,sub-1004,ses-1,ffb
300,131776,cor,False,E8;E25;E70,766,154,478.0,cor,sub-1004,ses-1,ffb
302,132344,cor,True,,771,155,447.0,cor,sub-1004,ses-1,ffb
304,132960,cor,True,,776,156,430.0,cor,sub-1004,ses-1,ffb
306,133484,cor,True,,781,157,444.0,cor,sub-1004,ses-1,ffb
308,134044,cor,True,,786,158,414.0,cor,sub-1004,ses-1,ffb
310,134552,cor,True,,791,159,464.0,cor,sub-1004,ses-1,ffb
312,135176,cor,True,,796,160,444.0,cor,sub-1004,ses-1,ffb
314,135612,cor,True,,801,161,333.0,cor,sub-1004,ses-1,ffb
316,136288,cor,True,,806,162,503.0,cor,sub-1004,ses-1,ffb
318,136776,cor,True,,811,163,562.0,cor,sub-1004,ses-1,ffb
320,137280,cor,True,,816,164,586.0,cor,sub-1004,ses-1,ffb
322,137892,cor,False,E8;E9;E14;E21,821,165,627.0,cor,sub-1004,ses-1,ffb
324,138396,cor,True,,826,166,618.0,cor,sub-1004,ses-1,ffb
326,138952,cor,True,,831,167,681.0,cor,sub-1004,ses-1,ffb
328,139552,cor,True,,836,168,614.0,cor,sub-1004,ses-1,ffb
330,140068,cor,True,,841,169,530.0,cor,sub-1004,ses-1,ffb
332,140628,cor,True,,846,170,633.0,cor,sub-1004,ses-1,ffb
334,141124,cor,True,,851,171,625.0,cor,sub-1004,ses-1,ffb
336,141676,cor,True,,856,172,529.0,cor,sub-1004,ses-1,ffb
338,142200,cor,True,,861,173,644.0,cor,sub-1004,ses-1,ffb
340,142772,cor,True,,866,174,688.0,cor,sub-1004,ses-1,ffb
342,143320,cor,False,E8;E9;E14;E21,871,175,501.0,cor,sub-1004,ses-1,ffb
344,143828,cor,True,,876,176,451.0,cor,sub-1004,ses-1,ffb
346,144576,cor,True,,881,177,663.0,cor,sub-1004,ses-1,ffb
348,145080,cor,True,,886,178,605.0,cor,sub-1004,ses-1,ffb
350,145740,cor,True,,891,179,675.0,cor,sub-1004,ses-1,ffb
352,146188,cor,True,,896,180,488.0,cor,sub-1004,ses-1,ffb
354,155863,cor,True,,901,181,524.0,cor,sub-1004,ses-1,ffb
356,156355,cor,True,,906,182,375.0,cor,sub-1004,ses-1,ffb
358,156967,cor,True,,911,183,416.0,cor,sub-1004,ses-1,ffb
360,157687,cor,True,,916,184,606.0,cor,sub-1004,ses-1,ffb
362,158319,cor,False,E8;E9;E14;E25,921,185,670.0,cor,sub-1004,ses-1,ffb
364,158739,cor,True,,926,186,494.0,cor,sub-1004,ses-1,ffb
366,159271,cor,True,,931,187,591.0,cor,sub-1004,ses-1,ffb
368,159739,cor,True,,936,188,461.0,cor,sub-1004,ses-1,ffb
370,160299,cor,True,,941,189,397.0,cor,sub-1004,ses-1,ffb
372,160955,cor,True,,946,190,426.0,cor,sub-1004,ses-1,ffb
374,161559,cor,True,,951,191,434.0,cor,sub-1004,ses-1,ffb
376,162199,cor,True,,956,192,448.0,cor,sub-1004,ses-1,ffb
378,162643,cor,True,,961,193,369.0,cor,sub-1004,ses-1,ffb
380,163339,cor,True,,966,194,612.0,cor,sub-1004,ses-1,ffb
382,163979,cor,False,E14,971,195,575.0,cor,sub-1004,ses-1,ffb
384,164635,cor,True,,976,196,687.0,cor,sub-1004,ses-1,ffb
386,165155,cor,True,,981,197,577.0,cor,sub-1004,ses-1,ffb
388,165731,cor,True,,986,198,579.0,cor,sub-1004,ses-1,ffb
390,166371,err,True,,991,199,560.0,err,sub-1004,ses-1,ffb
392,166939,cor,True,,996,200,479.0,cor,sub-1004,ses-1,ffb
394,167511,cor,True,,1001,201,407.0,cor,sub-1004,ses-1,ffb
396,168083,cor,True,,1006,202,450.0,cor,sub-1004,ses-1,ffb
398,168747,cor,True,,1011,203,545.0,cor,sub-1004,ses-1,ffb
400,169239,cor,True,,1016,204,580.0,cor,sub-1004,ses-1,ffb
402,169839,cor,True,,1021,205,746.0,cor,sub-1004,ses-1,ffb
404,170359,cor,True,,1026,206,669.0,cor,sub-1004,ses-1,ffb
406,170827,cor,True,,1031,207,522.0,cor,sub-1004,ses-1,ffb
408,171279,cor,True,,1036,208,476.0,cor,sub-1004,ses-1,ffb
410,171955,cor,True,,1041,209,596.0,cor,sub-1004,ses-1,ffb
412,172431,cor,True,,1046,210,413.0,cor,sub-1004,ses-1,ffb
414,182127,cor,False,E32;E128,1051,211,525.0,cor,sub-1004,ses-1,ffb
416,182639,cor,True,,1056,212,382.0,cor,sub-1004,ses-1,ffb
418,183347,cor,True,,1061,213,565.0,cor,sub-1004,ses-1,ffb
420,183858,cor,True,,1066,214,605.0,cor,sub-1004,ses-1,ffb
422,184350,cor,True,,1071,215,539.0,cor,sub-1004,ses-1,ffb
424,184935,cor,True,,1076,216,608.0,cor,sub-1004,ses-1,ffb
426,185466,cor,True,,1081,217,521.0,cor,sub-1004,ses-1,ffb
428,185990,cor,True,,1086,218,569.0,cor,sub-1004,ses-1,ffb
430,186562,cor,False,E14,1091,219,563.0,cor,sub-1004,ses-1,ffb
432,187023,cor,True,,1096,220,368.0,cor,sub-1004,ses-1,ffb
434,187666,err,False,E8;E14;E126,1101,221,338.0,err,sub-1004,ses-1,ffb
436,188330,cor,True,,1106,222,650.0,cor,sub-1004,ses-1,ffb
438,188858,cor,False,E8;E14,1111,223,389.0,cor,sub-1004,ses-1,ffb
440,189482,cor,False,E8;E14,1116,224,554.0,cor,sub-1004,ses-1,ffb
442,190014,cor,True,,1121,225,485.0,cor,sub-1004,ses-1,ffb
444,190514,cor,True,,1126,226,502.0,cor,sub-1004,ses-1,ffb
446,191010,cor,True,,1131,227,527.0,cor,sub-1004,ses-1,ffb
448,191606,cor,True,,1136,228,669.0,cor,sub-1004,ses-1,ffb
450,192106,cor,True,,1141,229,486.0,cor,sub-1004,ses-1,ffb
452,192742,cor,True,,1146,230,808.0,cor,sub-1004,ses-1,ffb
454,193198,cor,True,,1151,231,687.0,cor,sub-1004,ses-1,ffb
456,193794,cor,True,,1156,232,562.0,cor,sub-1004,ses-1,ffb
458,194242,cor,True,,1161,233,425.0,cor,sub-1004,ses-1,ffb
460,194882,cor,True,,1166,234,655.0,cor,sub-1004,ses-1,ffb
462,195434,cor,True,,1171,235,526.0,cor,sub-1004,ses-1,ffb
464,195966,cor,True,,1176,236,457.0,cor,sub-1004,ses-1,ffb
466,196530,cor,True,,1181,237,552.0,cor,sub-1004,ses-1,ffb
468,197014,cor,True,,1186,238,403.0,cor,sub-1004,ses-1,ffb
470,197546,cor,True,,1191,239,467.0,cor,sub-1004,ses-1,ffb
472,198170,cor,False,E8;E14,1196,240,649.0,cor,sub-1004,ses-1,ffb
474,207754,cor,True,,1201,241,735.0,cor,sub-1004,ses-1,ffb
476,208194,cor,True,,1206,242,432.0,cor,sub-1004,ses-1,ffb
478,208814,cor,True,,1211,243,488.0,cor,sub-1004,ses-1,ffb
480,209382,cor,False,E8;E14,1216,244,408.0,cor,sub-1004,ses-1,ffb
482,210014,cor,False,E8;E14;E21,1221,245,505.0,cor,sub-1004,ses-1,ffb
484,210502,cor,True,,1226,246,448.0,cor,sub-1004,ses-1,ffb
486,211142,cor,True,,1231,247,595.0,cor,sub-1004,ses-1,ffb
488,211602,cor,True,,1236,248,448.0,cor,sub-1004,ses-1,ffb
490,212266,cor,True,,1241,249,510.0,cor,sub-1004,ses-1,ffb
492,212826,cor,True,,1246,250,563.0,cor,sub-1004,ses-1,ffb
494,213426,cor,False,E8;E14,1251,251,497.0,cor,sub-1004,ses-1,ffb
496,214050,cor,True,,1256,252,678.0,cor,sub-1004,ses-1,ffb
498,214582,cor,True,,1261,253,526.0,cor,sub-1004,ses-1,ffb
500,215106,cor,True,,1266,254,407.0,cor,sub-1004,ses-1,ffb
502,215738,cor,True,,1271,255,555.0,cor,sub-1004,ses-1,ffb
504,216294,cor,True,,1276,256,617.0,cor,sub-1004,ses-1,ffb
506,216810,err,True,,1281,257,516.0,err,sub-1004,ses-1,ffb
508,217334,cor,True,,1286,258,497.0,cor,sub-1004,ses-1,ffb
510,217862,cor,False,E8;E14,1291,259,453.0,cor,sub-1004,ses-1,ffb
512,218586,cor,True,,1296,260,585.0,cor,sub-1004,ses-1,ffb
514,219034,cor,True,,1301,261,514.0,cor,sub-1004,ses-1,ffb
516,219642,cor,True,,1306,262,514.0,cor,sub-1004,ses-1,ffb
518,220218,cor,True,,1311,263,449.0,cor,sub-1004,ses-1,ffb
520,220873,cor,True,,1316,264,527.0,cor,sub-1004,ses-1,ffb
522,221353,cor,False,E8,1321,265,437.0,cor,sub-1004,ses-1,ffb
524,221945,cor,True,,1326,266,504.0,cor,sub-1004,ses-1,ffb
526,222349,cor,True,,1331,267,379.0,cor,sub-1004,ses-1,ffb
528,223009,cor,True,,1336,268,516.0,cor,sub-1004,ses-1,ffb
530,223645,cor,False,E126,1341,269,688.0,cor,sub-1004,ses-1,ffb
532,224213,cor,False,E8;E14,1346,270,658.0,cor,sub-1004,ses-1,ffb
534,232193,cor,False,E32,1351,271,520.0,cor,sub-1004,ses-1,ffb
536,232709,cor,False,E8;E14;E25,1356,272,602.0,cor,sub-1004,ses-1,ffb
538,233253,cor,True,,1361,273,456.0,cor,sub-1004,ses-1,ffb
540,233813,cor,True,,1366,274,577.0,cor,sub-1004,ses-1,ffb
542,234217,cor,True,,1371,275,418.0,cor,sub-1004,ses-1,ffb
544,234821,cor,True,,1376,276,443.0,cor,sub-1004,ses-1,ffb
546,235317,cor,True,,1381,277,352.0,cor,sub-1004,ses-1,ffb
548,236005,cor,True,,1386,278,561.0,cor,sub-1004,ses-1,ffb
550,236517,cor,True,,1391,279,502.0,cor,sub-1004,ses-1,ffb
552,236993,cor,True,,1396,280,454.0,cor,sub-1004,ses-1,ffb
554,237589,cor,True,,1401,281,662.0,cor,sub-1004,ses-1,ffb
556,238077,cor,True,,1406,282,605.0,cor,sub-1004,ses-1,ffb
558,238601,cor,True,,1411,283,554.0,cor,sub-1004,ses-1,ffb
560,239097,cor,True,,1416,284,495.0,cor,sub-1004,ses-1,ffb
562,239649,cor,False,E8;E9;E14;E15;E21;E22;E25;E126;E127,1421,285,416.0,cor,sub-1004,ses-1,ffb
564,240141,err,True,,1426,286,367.0,err,sub-1004,ses-1,ffb
567,241357,cor,True,,1435,288,482.0,cor,sub-1004,ses-1,ffb
569,241981,cor,True,,1440,289,431.0,cor,sub-1004,ses-1,ffb
571,242625,cor,False,E8;E14;E21,1445,290,452.0,cor,sub-1004,ses-1,ffb
573,243209,cor,True,,1450,291,553.0,cor,sub-1004,ses-1,ffb
575,243789,cor,True,,1455,292,614.0,cor,sub-1004,ses-1,ffb
577,244293,cor,True,,1460,293,538.0,cor,sub-1004,ses-1,ffb
579,244901,cor,True,,1465,294,638.0,cor,sub-1004,ses-1,ffb
581,245553,cor,True,,1470,295,892.0,cor,sub-1004,ses-1,ffb
583,245993,cor,True,,1475,296,723.0,cor,sub-1004,ses-1,ffb
585,246513,cor,True,,1480,297,662.0,cor,sub-1004,ses-1,ffb
587,247005,cor,True,,1485,298,629.0,cor,sub-1004,ses-1,ffb
589,247433,cor,True,,1490,299,552.0,cor,sub-1004,ses-1,ffb
591,247969,cor,True,,1495,300,624.0,cor,sub-1004,ses-1,ffb
593,257537,cor,True,,1500,301,562.0,cor,sub-1004,ses-1,ffb
595,258077,cor,True,,1505,302,509.0,cor,sub-1004,ses-1,ffb
597,258665,cor,False,E8;E9;E14;E15;E21;E22;E25,1510,303,419.0,cor,sub-1004,ses-1,ffb
599,259304,cor,True,,1515,304,598.0,cor,sub-1004,ses-1,ffb
601,259785,cor,True,,1520,305,409.0,cor,sub-1004,ses-1,ffb
603,260505,cor,True,,1525,306,682.0,cor,sub-1004,ses-1,ffb
605,260940,cor,True,,1530,307,587.0,cor,sub-1004,ses-1,ffb
607,261336,cor,True,,1535,308,429.0,cor,sub-1004,ses-1,ffb
609,261832,cor,True,,1540,309,421.0,cor,sub-1004,ses-1,ffb
611,262361,cor,True,,1545,310,495.0,cor,sub-1004,ses-1,ffb
613,263012,cor,False,E8;E14,1550,311,615.0,cor,sub-1004,ses-1,ffb
615,263556,cor,False,E14,1555,312,736.0,cor,sub-1004,ses-1,ffb
617,264096,cor,False,E8;E14;E126;E127,1560,313,566.0,cor,sub-1004,ses-1,ffb
619,264660,cor,True,,1565,314,545.0,cor,sub-1004,ses-1,ffb
621,265136,cor,True,,1570,315,563.0,cor,sub-1004,ses-1,ffb
623,265685,cor,True,,1575,316,610.0,cor,sub-1004,ses-1,ffb
625,266312,cor,True,,1580,317,632.0,cor,sub-1004,ses-1,ffb
627,266804,cor,False,E14,1585,318,500.0,cor,sub-1004,ses-1,ffb
629,267440,cor,True,,1590,319,522.0,cor,sub-1004,ses-1,ffb
631,268096,cor,True,,1595,320,601.0,cor,sub-1004,ses-1,ffb
633,268532,cor,True,,1600,321,489.0,cor,sub-1004,ses-1,ffb
635,269152,cor,True,,1605,322,430.0,cor,sub-1004,ses-1,ffb
637,269745,cor,True,,1610,323,465.0,cor,sub-1004,ses-1,ffb
639,270408,cor,False,E8;E14;E21,1615,324,525.0,cor,sub-1004,ses-1,ffb
641,270912,cor,True,,1620,325,450.0,cor,sub-1004,ses-1,ffb
643,271544,cor,True,,1625,326,647.0,cor,sub-1004,ses-1,ffb
645,272052,cor,True,,1630,327,614.0,cor,sub-1004,ses-1,ffb
647,272448,cor,True,,1635,328,472.0,cor,sub-1004,ses-1,ffb
649,273104,cor,True,,1640,329,651.0,cor,sub-1004,ses-1,ffb
651,273512,cor,True,,1645,330,501.0,cor,sub-1004,ses-1,ffb
