participant,session,task,trials,correct_responses,executed_errors,recorded_omissions,structural_candidates,structural_failures,max_rt_difference_ms,smallest_between_block_gap_s,largest_within_block_gap_s,block_gaps_separate,boundary_groups,fully_screened_triplets,set_file,boundary_pattern_differs
sub-1004,ses-3,ffa,900,864,32,4,30,2,0.009510278701782227,15.638001599311828,2.0839959383010864,True,3,,../data/ds004883_Clayson/sub-1004/ses-3/eeg/sub-1004_ses-3_task-ffa_eeg.set,False
sub-1004,ses-1,ffb,330,309,12,9,9,3,0.00926220417022705,15.647993981838226,1.3170015066862106,True,1,,../data/ds004883_Clayson/sub-1004/ses-1/eeg/sub-1004_ses-1_task-ffb_eeg.set,False
sub-1004,ses-2,ffc,400,380,17,3,12,5,0.009533405303955078,7.848991826176643,1.7170093953609467,True,1,,../data/ds004883_Clayson/sub-1004/ses-2/eeg/sub-1004_ses-2_task-ffc_eeg.set,False
sub-1005,ses-2,ffa,900,806,60,34,44,16,0.009798288345336914,16.37699903166294,2.0830001682043076,True,3,,../data/ds004883_Clayson/sub-1005/ses-2/eeg/sub-1005_ses-2_task-ffa_eeg.set,False
sub-1005,ses-1,ffb,330,269,57,4,32,25,0.009856462478637695,15.24900197982788,1.3170015066862106,True,1,,../data/ds004883_Clayson/sub-1005/ses-1/eeg/sub-1005_ses-1_task-ffb_eeg.set,False
sub-1005,ses-3,ffc,400,348,51,1,44,7,0.009389042854309082,6.066000089049339,1.7169993370771408,True,1,,../data/ds004883_Clayson/sub-1005/ses-3/eeg/sub-1005_ses-3_task-ffc_eeg.set,False
sub-1007,ses-2,ffa,900,581,303,16,135,168,0.00966024398803711,16.26699957406521,2.0170077681541443,True,3,,../data/ds004883_Clayson/sub-1007/ses-2/eeg/sub-1007_ses-2_task-ffa_eeg.set,False
sub-1007,ses-1,ffc,400,255,134,11,44,90,0.009619593620300293,6.0499973595142365,1.684008166193962,True,1,,../data/ds004883_Clayson/sub-1007/ses-1/eeg/sub-1007_ses-1_task-ffc_eeg.set,False
sub-1008,ses-3,ffa,900,743,151,6,103,48,0.00997769832611084,16.66299740445614,2.0170077681541443,True,3,,../data/ds004883_Clayson/sub-1008/ses-3/eeg/sub-1008_ses-3_task-ffa_eeg.set,False
sub-1008,ses-1,ffb,330,281,41,8,33,8,0.00966024398803711,15.048007294535637,1.284000277519226,True,1,,../data/ds004883_Clayson/sub-1008/ses-1/eeg/sub-1008_ses-1_task-ffb_eeg.set,False
sub-1008,ses-2,ffc,400,347,53,0,37,16,0.009792685508728027,7.882003113627434,1.684008166193962,True,1,,../data/ds004883_Clayson/sub-1008/ses-2/eeg/sub-1008_ses-2_task-ffc_eeg.set,False
sub-1009,ses-2,ffa,900,881,19,0,19,0,0.00994265079498291,16.472998489260675,2.0170077681541443,True,3,,../data/ds004883_Clayson/sub-1009/ses-2/eeg/sub-1009_ses-2_task-ffa_eeg.set,False
sub-1009,ses-1,ffb,330,297,27,6,15,12,0.009302139282226562,14.781995862722397,1.284000277519226,True,1,,../data/ds004883_Clayson/sub-1009/ses-1/eeg/sub-1009_ses-1_task-ffb_eeg.set,False
sub-1009,ses-3,ffc,400,379,20,1,18,2,0.009498357772827148,6.565997377038002,1.6830023378133774,True,1,,../data/ds004883_Clayson/sub-1009/ses-3/eeg/sub-1009_ses-3_task-ffc_eeg.set,False
sub-1010,ses-1,ffa,900,821,76,3,66,10,0.009758353233337402,16.26899957406521,2.0170077681541443,True,3,,../data/ds004883_Clayson/sub-1010/ses-1/eeg/sub-1010_ses-1_task-ffa_eeg.set,False
sub-1010,ses-3,ffb,330,180,44,106,14,30,0.009637117385864258,17.263998091220856,1.284000277519226,True,1,,../data/ds004883_Clayson/sub-1010/ses-3/eeg/sub-1010_ses-3_task-ffb_eeg.set,False
sub-1010,ses-2,ffc,400,271,127,2,58,69,0.009325265884399414,12.33200915157795,1.6839981079101562,True,1,,../data/ds004883_Clayson/sub-1010/ses-2/eeg/sub-1010_ses-2_task-ffc_eeg.set,False
sub-1011,ses-3,ffa,900,819,80,1,68,12,0.009867668151855469,16.089999158501627,2.0170077681541443,True,3,,../data/ds004883_Clayson/sub-1011/ses-3/eeg/sub-1011_ses-3_task-ffa_eeg.set,False
sub-1011,ses-2,ffb,330,293,37,0,27,10,0.009758353233337402,14.781000092625618,1.284000277519226,True,1,,../data/ds004883_Clayson/sub-1011/ses-2/eeg/sub-1011_ses-2_task-ffb_eeg.set,False
sub-1011,ses-1,ffc,400,360,40,0,37,3,0.009412169456481934,9.44899320602417,1.6839981079101562,True,1,,../data/ds004883_Clayson/sub-1011/ses-1/eeg/sub-1011_ses-1_task-ffc_eeg.set,False
sub-1012,ses-1,ffa,900,820,78,2,61,17,0.009562134742736816,16.466998489260675,2.0170077681541443,True,3,,../data/ds004883_Clayson/sub-1012/ses-1/eeg/sub-1012_ses-1_task-ffa_eeg.set,False
sub-1012,ses-2,ffb,330,260,69,1,34,35,0.009931445121765137,14.747998863458633,1.2830045074224472,True,1,,../data/ds004883_Clayson/sub-1012/ses-2/eeg/sub-1012_ses-2_task-ffb_eeg.set,False
sub-1012,ses-3,ffc,400,315,84,1,63,21,0.009954571723937988,6.831998750567436,1.6839981079101562,True,1,,../data/ds004883_Clayson/sub-1012/ses-3/eeg/sub-1012_ses-3_task-ffc_eeg.set,False
sub-1016,ses-2,ffa,900,821,78,1,70,8,0.00989079475402832,16.464998489260672,2.0170077681541443,True,3,,../data/ds004883_Clayson/sub-1016/ses-2/eeg/sub-1016_ses-2_task-ffa_eeg.set,False
sub-1016,ses-1,ffb,330,238,85,7,35,50,0.009965777397155762,14.631996676325798,1.284000277519226,True,1,,../data/ds004883_Clayson/sub-1016/ses-1/eeg/sub-1016_ses-1_task-ffb_eeg.set,False
sub-1016,ses-3,ffc,400,273,121,6,51,70,0.009567737579345703,5.266004428267479,1.6839981079101562,True,1,,../data/ds004883_Clayson/sub-1016/ses-3/eeg/sub-1016_ses-3_task-ffc_eeg.set,False
sub-1017,ses-2,ffa,900,733,155,12,110,45,0.00957334041595459,16.27299957406521,2.0330004394054413,True,3,,../data/ds004883_Clayson/sub-1017/ses-2/eeg/sub-1017_ses-2_task-ffa_eeg.set,False
sub-1017,ses-3,ffb,330,229,97,4,37,60,0.009619593620300293,14.349006861448288,1.284000277519226,True,1,,../data/ds004883_Clayson/sub-1017/ses-3/eeg/sub-1017_ses-3_task-ffb_eeg.set,False
sub-1017,ses-1,ffc,400,264,132,4,52,80,0.009815812110900879,5.566002801060677,1.6839981079101562,True,1,,../data/ds004883_Clayson/sub-1017/ses-1/eeg/sub-1017_ses-1_task-ffc_eeg.set,False
sub-1018,ses-3,ffa,900,862,36,2,32,4,0.00989079475402832,16.468998489260674,2.0170077681541443,True,3,,../data/ds004883_Clayson/sub-1018/ses-3/eeg/sub-1018_ses-3_task-ffa_eeg.set,False
sub-1018,ses-1,ffb,330,268,52,10,32,20,0.00973522663116455,15.731004998087883,1.2830045074224472,True,1,,../data/ds004883_Clayson/sub-1018/ses-1/eeg/sub-1018_ses-1_task-ffb_eeg.set,False
sub-1018,ses-2,ffc,400,220,173,7,33,140,0.009694576263427734,6.231991946697235,1.6839981079101562,True,1,,../data/ds004883_Clayson/sub-1018/ses-2/eeg/sub-1018_ses-2_task-ffc_eeg.set,False
sub-1020,ses-3,ffb,330,183,125,22,42,83,0.009758353233337402,15.897992625832558,1.284000277519226,True,1,,../data/ds004883_Clayson/sub-1020/ses-3/eeg/sub-1020_ses-3_task-ffb_eeg.set,False
sub-1020,ses-2,ffc,400,205,184,11,51,133,0.009856462478637695,5.050002783536911,1.684008166193962,True,1,,../data/ds004883_Clayson/sub-1020/ses-2/eeg/sub-1020_ses-2_task-ffc_eeg.set,False
sub-1021,ses-3,ffa,900,472,412,16,99,313,0.009631514549255371,16.284005402445793,2.0170077681541443,True,3,,../data/ds004883_Clayson/sub-1021/ses-3/eeg/sub-1021_ses-3_task-ffa_eeg.set,False
sub-1021,ses-2,ffb,330,314,11,5,10,1,0.00989079475402832,19.03100721538067,1.284000277519226,True,1,,../data/ds004883_Clayson/sub-1021/ses-2/eeg/sub-1021_ses-2_task-ffb_eeg.set,False
sub-1021,ses-1,ffc,400,391,9,0,9,0,0.009706497192382812,9.865999594330788,1.684008166193962,True,1,,../data/ds004883_Clayson/sub-1021/ses-1/eeg/sub-1021_ses-1_task-ffc_eeg.set,False
sub-1022,ses-3,ffa,900,479,307,114,101,206,0.00973522663116455,16.658003232836723,2.0170077681541443,True,3,,../data/ds004883_Clayson/sub-1022/ses-3/eeg/sub-1022_ses-3_task-ffa_eeg.set,False
sub-1022,ses-1,ffb,330,233,93,4,44,49,0.009302139282226562,14.531001448631287,1.2830045074224472,True,1,,../data/ds004883_Clayson/sub-1022/ses-1/eeg/sub-1022_ses-1_task-ffb_eeg.set,False
sub-1022,ses-2,ffc,400,260,117,23,31,86,0.009619593620300293,6.482996419072151,1.684008166193962,True,1,,../data/ds004883_Clayson/sub-1022/ses-2/eeg/sub-1022_ses-2_task-ffc_eeg.set,False
sub-1024,ses-2,ffa,900,851,43,6,41,2,0.009631514549255371,16.264999574065207,2.0170077681541443,True,3,,../data/ds004883_Clayson/sub-1024/ses-2/eeg/sub-1024_ses-2_task-ffa_eeg.set,False
sub-1024,ses-3,ffb,330,299,30,1,18,12,0.009596467018127441,15.965000912547112,1.284000277519226,True,1,,../data/ds004883_Clayson/sub-1024/ses-3/eeg/sub-1024_ses-3_task-ffb_eeg.set,False
sub-1024,ses-1,ffc,400,376,24,0,21,3,0.009487152099609375,14.41599503159523,1.684008166193962,True,1,,../data/ds004883_Clayson/sub-1024/ses-1/eeg/sub-1024_ses-1_task-ffc_eeg.set,False
sub-1025,ses-2,ffa,900,857,42,1,38,4,0.009988903999328613,14.241999134659768,2.0170077681541443,True,3,,../data/ds004883_Clayson/sub-1025/ses-2/eeg/sub-1025_ses-2_task-ffa_eeg.set,False
sub-1025,ses-3,ffb,330,279,47,4,34,13,0.009487152099609375,14.265000075101852,1.2830045074224472,True,1,,../data/ds004883_Clayson/sub-1025/ses-3/eeg/sub-1025_ses-3_task-ffb_eeg.set,False
sub-1025,ses-1,ffc,400,350,50,0,28,22,0.009596467018127441,8.24899971485138,1.684008166193962,True,1,,../data/ds004883_Clayson/sub-1025/ses-1/eeg/sub-1025_ses-1_task-ffc_eeg.set,False
sub-1027,ses-2,ffa,900,747,153,0,121,32,0.009856462478637695,16.466998489260675,2.034006267786026,True,3,,../data/ds004883_Clayson/sub-1027/ses-2/eeg/sub-1027_ses-2_task-ffa_eeg.set,False
sub-1027,ses-1,ffb,330,255,70,5,43,27,0.009562134742736816,14.7979985922575,1.284000277519226,True,1,,../data/ds004883_Clayson/sub-1027/ses-1/eeg/sub-1027_ses-1_task-ffb_eeg.set,False
sub-1027,ses-3,ffc,400,350,49,1,33,16,0.009694576263427734,6.182002276182175,1.684008166193962,True,1,,../data/ds004883_Clayson/sub-1027/ses-3/eeg/sub-1027_ses-3_task-ffc_eeg.set,False
sub-1028,ses-1,ffa,900,863,37,0,33,4,0.00994265079498291,16.263995344161987,2.0170077681541443,True,3,,../data/ds004883_Clayson/sub-1028/ses-1/eeg/sub-1028_ses-1_task-ffa_eeg.set,False
sub-1028,ses-3,ffb,330,308,19,3,14,5,0.009412169456481934,14.747998863458633,1.284000277519226,True,1,,../data/ds004883_Clayson/sub-1028/ses-3/eeg/sub-1028_ses-3_task-ffb_eeg.set,False
sub-1028,ses-2,ffc,400,363,37,0,31,6,0.00997769832611084,6.631999835371971,1.684008166193962,True,1,,../data/ds004883_Clayson/sub-1028/ses-2/eeg/sub-1028_ses-2_task-ffc_eeg.set,False
sub-1029,ses-3,ffa,900,837,63,0,59,4,0.009965777397155762,16.264999574065207,2.0170077681541443,True,3,,../data/ds004883_Clayson/sub-1029/ses-3/eeg/sub-1029_ses-3_task-ffa_eeg.set,False
sub-1029,ses-2,ffb,330,304,24,2,21,3,0.009325265884399414,14.980999007821083,1.284000277519226,True,1,,../data/ds004883_Clayson/sub-1029/ses-2/eeg/sub-1029_ses-2_task-ffb_eeg.set,False
sub-1029,ses-1,ffc,400,374,26,0,19,7,0.009290933609008789,12.181999906897545,1.6839981079101562,True,1,,../data/ds004883_Clayson/sub-1029/ses-1/eeg/sub-1029_ses-1_task-ffc_eeg.set,False
sub-1030,ses-1,ffa,900,836,60,4,51,9,0.00989079475402832,15.488002412915229,2.0170077681541443,True,3,,../data/ds004883_Clayson/sub-1030/ses-1/eeg/sub-1030_ses-1_task-ffa_eeg.set,False
sub-1030,ses-2,ffb,330,273,54,3,37,17,0.009683370590209961,14.24800157546997,1.284000277519226,True,1,,../data/ds004883_Clayson/sub-1030/ses-2/eeg/sub-1030_ses-2_task-ffb_eeg.set,False
sub-1030,ses-3,ffc,400,325,75,0,51,24,0.009815812110900879,5.533001571893692,1.6839981079101562,True,1,,../data/ds004883_Clayson/sub-1030/ses-3/eeg/sub-1030_ses-3_task-ffc_eeg.set,False
sub-1031,ses-3,ffa,900,732,161,7,109,52,0.009717702865600586,16.26899957406521,2.0170077681541443,True,3,,../data/ds004883_Clayson/sub-1031/ses-3/eeg/sub-1031_ses-3_task-ffa_eeg.set,False
sub-1031,ses-2,ffb,330,269,58,3,37,21,0.009648323059082031,14.3319983035326,1.284000277519226,True,1,,../data/ds004883_Clayson/sub-1031/ses-2/eeg/sub-1031_ses-2_task-ffb_eeg.set,False
sub-1031,ses-1,ffc,400,294,101,5,37,64,0.009931445121765137,5.699003487825394,1.684008166193962,True,1,,../data/ds004883_Clayson/sub-1031/ses-1/eeg/sub-1031_ses-1_task-ffc_eeg.set,False
sub-1033,ses-1,ffa,900,876,20,4,18,2,0.00997769832611084,16.278999574065207,2.0170077681541443,True,3,,../data/ds004883_Clayson/sub-1033/ses-1/eeg/sub-1033_ses-1_task-ffa_eeg.set,False
sub-1033,ses-3,ffb,330,286,37,7,23,14,0.009792685508728027,18.980997428297997,1.2830045074224472,True,1,,../data/ds004883_Clayson/sub-1033/ses-3/eeg/sub-1033_ses-3_task-ffb_eeg.set,False
sub-1033,ses-2,ffc,400,364,36,0,27,9,0.009550213813781738,16.331997513771057,1.684008166193962,True,1,,../data/ds004883_Clayson/sub-1033/ses-2/eeg/sub-1033_ses-2_task-ffc_eeg.set,False
sub-1034,ses-2,ffa,900,722,119,59,95,24,0.009533405303955078,16.26699957406521,2.0170077681541443,True,3,,../data/ds004883_Clayson/sub-1034/ses-2/eeg/sub-1034_ses-2_task-ffa_eeg.set,False
sub-1034,ses-1,ffb,330,260,68,2,51,17,0.009290933609008789,19.030997157096863,1.284000277519226,True,1,,../data/ds004883_Clayson/sub-1034/ses-1/eeg/sub-1034_ses-1_task-ffb_eeg.set,False
sub-1034,ses-3,ffc,400,314,85,1,54,31,0.009423375129699707,7.4160028249025345,1.6839981079101562,True,1,,../data/ds004883_Clayson/sub-1034/ses-3/eeg/sub-1034_ses-3_task-ffc_eeg.set,False
sub-1035,ses-2,ffa,900,825,56,19,38,18,0.009412169456481934,14.462999279022217,2.0170077681541443,True,3,,../data/ds004883_Clayson/sub-1035/ses-2/eeg/sub-1035_ses-2_task-ffa_eeg.set,False
sub-1035,ses-3,ffb,330,302,20,8,13,7,0.009227156639099121,14.464998990297318,1.284000277519226,True,1,,../data/ds004883_Clayson/sub-1035/ses-3/eeg/sub-1035_ses-3_task-ffb_eeg.set,False
sub-1035,ses-1,ffc,400,204,196,0,47,149,0.00989079475402832,5.51600307226181,1.6839981079101562,True,1,,../data/ds004883_Clayson/sub-1035/ses-1/eeg/sub-1035_ses-1_task-ffc_eeg.set,False
sub-1036,ses-3,ffa,900,830,70,0,62,8,0.009683370590209961,15.361004455685615,2.0330004394054413,True,3,,../data/ds004883_Clayson/sub-1036/ses-3/eeg/sub-1036_ses-3_task-ffa_eeg.set,False
sub-1036,ses-1,ffb,330,306,23,1,23,0,0.009815812110900879,16.131998598575592,1.284000277519226,True,1,,../data/ds004883_Clayson/sub-1036/ses-1/eeg/sub-1036_ses-1_task-ffb_eeg.set,False
sub-1036,ses-2,ffc,400,383,16,1,16,0,0.009377121925354004,7.26599358022213,1.6839981079101562,True,1,,../data/ds004883_Clayson/sub-1036/ses-2/eeg/sub-1036_ses-2_task-ffc_eeg.set,False
sub-1037,ses-1,ffa,900,654,232,14,98,134,0.009965777397155762,16.670997404456138,2.0170077681541443,True,3,,../data/ds004883_Clayson/sub-1037/ses-1/eeg/sub-1037_ses-1_task-ffa_eeg.set,False
sub-1037,ses-2,ffb,330,210,99,21,33,66,0.00997769832611084,14.64899517595768,1.284000277519226,True,1,,../data/ds004883_Clayson/sub-1037/ses-2/eeg/sub-1037_ses-2_task-ffb_eeg.set,False
sub-1037,ses-3,ffc,400,247,120,33,41,79,0.009694576263427734,5.316004157066345,1.6839981079101562,True,1,,../data/ds004883_Clayson/sub-1037/ses-3/eeg/sub-1037_ses-3_task-ffc_eeg.set,False
sub-1038,ses-1,ffa,900,872,26,2,26,0,0.009896397590637207,15.327004726886749,2.0170077681541443,True,3,,../data/ds004883_Clayson/sub-1038/ses-1/eeg/sub-1038_ses-1_task-ffa_eeg.set,False
sub-1038,ses-3,ffb,330,292,38,0,33,5,0.009988903999328613,14.649005234241486,1.284000277519226,True,1,,../data/ds004883_Clayson/sub-1038/ses-3/eeg/sub-1038_ses-3_task-ffb_eeg.set,False
sub-1038,ses-2,ffc,400,340,60,0,46,14,0.009758353233337402,5.765991657972336,1.6839981079101562,True,1,,../data/ds004883_Clayson/sub-1038/ses-2/eeg/sub-1038_ses-2_task-ffc_eeg.set,False
sub-1040,ses-3,ffa,900,817,77,6,66,11,0.009683370590209961,16.470998489260673,2.0330004394054413,True,3,,../data/ds004883_Clayson/sub-1040/ses-3/eeg/sub-1040_ses-3_task-ffa_eeg.set,False
sub-1040,ses-1,ffb,330,231,86,13,39,47,0.009129047393798828,15.581991523504257,1.284000277519226,True,1,,../data/ds004883_Clayson/sub-1040/ses-1/eeg/sub-1040_ses-1_task-ffb_eeg.set,False
sub-1040,ses-2,ffc,400,325,74,1,57,17,0.009879589080810547,7.5659919530153275,1.6839981079101562,True,1,,../data/ds004883_Clayson/sub-1040/ses-2/eeg/sub-1040_ses-2_task-ffc_eeg.set,False
sub-1041,ses-2,ffa,900,775,104,21,79,25,0.00994265079498291,16.276999574065208,2.0170077681541443,True,3,,../data/ds004883_Clayson/sub-1041/ses-2/eeg/sub-1041_ses-2_task-ffa_eeg.set,False
sub-1041,ses-1,ffb,330,260,65,5,48,17,0.009435296058654785,16.598008945584297,1.284000277519226,True,1,,../data/ds004883_Clayson/sub-1041/ses-1/eeg/sub-1041_ses-1_task-ffb_eeg.set,False
sub-1041,ses-3,ffc,400,309,91,0,73,18,0.009648323059082031,5.633001029491425,1.6839981079101562,True,1,,../data/ds004883_Clayson/sub-1041/ses-3/eeg/sub-1041_ses-3_task-ffc_eeg.set,False
sub-1042,ses-2,ffa,900,863,37,0,37,0,0.009746432304382324,16.26799534416199,2.0170077681541443,True,3,,../data/ds004883_Clayson/sub-1042/ses-2/eeg/sub-1042_ses-2_task-ffa_eeg.set,False
sub-1042,ses-3,ffb,330,285,44,1,26,18,0.00966024398803711,18.963998928666115,1.284000277519226,True,1,,../data/ds004883_Clayson/sub-1042/ses-3/eeg/sub-1042_ses-3_task-ffb_eeg.set,False
sub-1042,ses-1,ffc,400,196,204,0,52,152,0.009758353233337402,11.39899268746376,1.6839981079101562,True,1,,../data/ds004883_Clayson/sub-1042/ses-1/eeg/sub-1042_ses-1_task-ffc_eeg.set,False
sub-1043,ses-2,ffa,900,792,108,0,90,18,0.00966024398803711,16.274005402445795,2.0170077681541443,True,3,,../data/ds004883_Clayson/sub-1043/ses-2/eeg/sub-1043_ses-2_task-ffa_eeg.set,False
sub-1043,ses-3,ffb,330,265,65,0,47,18,0.009423375129699707,15.282003208994865,1.284000277519226,True,1,,../data/ds004883_Clayson/sub-1043/ses-3/eeg/sub-1043_ses-3_task-ffb_eeg.set,False
sub-1043,ses-1,ffc,400,331,69,0,36,33,0.009694576263427734,7.582004740834236,1.6839981079101562,True,1,,../data/ds004883_Clayson/sub-1043/ses-1/eeg/sub-1043_ses-1_task-ffc_eeg.set,False
sub-1044,ses-3,ffa,900,882,16,2,16,0,0.009844541549682617,16.27299957406521,2.0330004394054413,True,3,,../data/ds004883_Clayson/sub-1044/ses-3/eeg/sub-1044_ses-3_task-ffa_eeg.set,False
sub-1044,ses-1,ffb,330,302,17,11,11,6,0.00997769832611084,15.798003226518631,1.284000277519226,True,1,,../data/ds004883_Clayson/sub-1044/ses-1/eeg/sub-1044_ses-1_task-ffb_eeg.set,False
sub-1044,ses-2,ffc,400,390,10,0,9,1,0.009383440017700195,7.714995369315147,1.684008166193962,True,1,,../data/ds004883_Clayson/sub-1044/ses-2/eeg/sub-1044_ses-2_task-ffc_eeg.set,False
sub-1045,ses-2,ffa,900,880,17,3,16,1,0.009804606437683105,16.26899957406521,2.0170077681541443,True,3,,../data/ds004883_Clayson/sub-1045/ses-2/eeg/sub-1045_ses-2_task-ffa_eeg.set,False
sub-1045,ses-3,ffc,400,380,20,0,17,3,0.00936591625213623,6.598998606204987,1.684008166193962,True,1,,../data/ds004883_Clayson/sub-1045/ses-3/eeg/sub-1045_ses-3_task-ffc_eeg.set,False
sub-1047,ses-3,ffa,900,702,178,20,77,101,0.009937047958374023,16.275995344161988,2.0330004394054413,True,3,,../data/ds004883_Clayson/sub-1047/ses-3/eeg/sub-1047_ses-3_task-ffa_eeg.set,False
sub-1047,ses-1,ffc,400,357,42,1,28,14,0.009856462478637695,6.016000360250473,1.684008166193962,True,1,,../data/ds004883_Clayson/sub-1047/ses-1/eeg/sub-1047_ses-1_task-ffc_eeg.set,False
sub-1048,ses-1,ffa,900,823,67,10,54,13,0.009879589080810547,16.472004317641257,2.0170077681541443,True,3,,../data/ds004883_Clayson/sub-1048/ses-1/eeg/sub-1048_ses-1_task-ffa_eeg.set,False
sub-1048,ses-2,ffb,330,235,69,26,42,27,0.009856462478637695,14.932005107402802,1.2839902192354202,True,1,,../data/ds004883_Clayson/sub-1048/ses-2/eeg/sub-1048_ses-2_task-ffb_eeg.set,False
sub-1048,ses-3,ffc,400,292,103,5,79,24,0.009423375129699707,7.131997123360634,1.6839981079101562,True,1,,../data/ds004883_Clayson/sub-1048/ses-3/eeg/sub-1048_ses-3_task-ffc_eeg.set,False
sub-1049,ses-3,ffa,900,847,53,0,51,2,0.009694576263427734,16.47000431764126,2.0330004394054413,True,3,,../data/ds004883_Clayson/sub-1049/ses-3/eeg/sub-1049_ses-3_task-ffa_eeg.set,False
sub-1049,ses-2,ffb,330,303,26,1,22,4,0.009671449661254883,16.298000514507294,1.284000277519226,True,1,,../data/ds004883_Clayson/sub-1049/ses-2/eeg/sub-1049_ses-2_task-ffb_eeg.set,False
sub-1049,ses-1,ffc,400,357,43,0,35,8,0.009954571723937988,9.181996062397957,1.6839981079101562,True,1,,../data/ds004883_Clayson/sub-1049/ses-1/eeg/sub-1049_ses-1_task-ffc_eeg.set,False
sub-1050,ses-1,ffa,900,862,37,1,32,5,0.009769558906555176,16.470998489260673,2.0170077681541443,True,3,,../data/ds004883_Clayson/sub-1050/ses-1/eeg/sub-1050_ses-1_task-ffa_eeg.set,False
sub-1050,ses-2,ffb,330,282,48,0,36,12,0.009440898895263672,14.16500061750412,1.2830045074224472,True,1,,../data/ds004883_Clayson/sub-1050/ses-2/eeg/sub-1050_ses-2_task-ffb_eeg.set,False
sub-1050,ses-3,ffc,400,324,75,1,54,21,0.009562134742736816,5.783000215888023,1.6839981079101562,True,1,,../data/ds004883_Clayson/sub-1050/ses-3/eeg/sub-1050_ses-3_task-ffc_eeg.set,False
sub-1051,ses-1,ffa,900,832,49,19,40,9,0.009896397590637207,15.192004040122033,2.0170077681541443,True,3,,../data/ds004883_Clayson/sub-1051/ses-1/eeg/sub-1051_ses-1_task-ffa_eeg.set,False
sub-1051,ses-3,ffb,330,263,61,6,38,23,0.009954571723937988,14.765007421374321,1.2830045074224472,True,1,,../data/ds004883_Clayson/sub-1051/ses-3/eeg/sub-1051_ses-3_task-ffb_eeg.set,False
sub-1051,ses-2,ffc,400,358,42,0,27,15,0.009954571723937988,6.8659957498312,1.6839981079101562,True,1,,../data/ds004883_Clayson/sub-1051/ses-2/eeg/sub-1051_ses-2_task-ffc_eeg.set,False
sub-1052,ses-2,ffa,900,881,19,0,17,2,0.009867668151855469,16.474998489260674,2.0170077681541443,True,3,,../data/ds004883_Clayson/sub-1052/ses-2/eeg/sub-1052_ses-2_task-ffa_eeg.set,False
sub-1052,ses-1,ffb,330,316,10,4,6,4,0.009510278701782227,14.782005921006203,1.284000277519226,True,1,,../data/ds004883_Clayson/sub-1052/ses-1/eeg/sub-1052_ses-1_task-ffb_eeg.set,False
sub-1052,ses-3,ffc,400,385,15,0,15,0,0.009302139282226562,6.54899887740612,1.684008166193962,True,1,,../data/ds004883_Clayson/sub-1052/ses-3/eeg/sub-1052_ses-3_task-ffc_eeg.set,False
sub-1053,ses-2,ffa,900,875,25,0,25,0,0.009856462478637695,16.270999574065208,2.0170077681541443,True,3,,../data/ds004883_Clayson/sub-1053/ses-2/eeg/sub-1053_ses-2_task-ffa_eeg.set,False
sub-1053,ses-3,ffb,330,290,39,1,35,4,0.009833335876464844,14.364999532699585,1.284000277519226,True,1,,../data/ds004883_Clayson/sub-1053/ses-3/eeg/sub-1053_ses-3_task-ffb_eeg.set,False
sub-1053,ses-1,ffc,400,374,26,0,21,5,0.009867668151855469,11.415005475282669,1.684008166193962,True,1,,../data/ds004883_Clayson/sub-1053/ses-1/eeg/sub-1053_ses-1_task-ffc_eeg.set,False
sub-1054,ses-3,ffa,900,725,166,9,113,53,0.009827733039855957,14.141999677062035,2.0330004394054413,True,3,,../data/ds004883_Clayson/sub-1054/ses-3/eeg/sub-1054_ses-3_task-ffa_eeg.set,False
sub-1054,ses-1,ffb,330,165,155,10,37,118,0.009533405303955078,15.464993566274643,1.284000277519226,True,1,,../data/ds004883_Clayson/sub-1054/ses-1/eeg/sub-1054_ses-1_task-ffb_eeg.set,False
sub-1054,ses-2,ffc,400,376,24,0,21,3,0.009781479835510254,5.966000631451607,1.684008166193962,True,1,,../data/ds004883_Clayson/sub-1054/ses-2/eeg/sub-1054_ses-2_task-ffc_eeg.set,False
sub-1055,ses-1,ffa,900,840,55,5,52,3,0.009498357772827148,16.472998489260675,2.0170077681541443,True,3,,../data/ds004883_Clayson/sub-1055/ses-1/eeg/sub-1055_ses-1_task-ffa_eeg.set,False
sub-1055,ses-2,ffb,330,240,87,3,41,46,0.009758353233337402,14.414999261498451,1.284000277519226,True,1,,../data/ds004883_Clayson/sub-1055/ses-2/eeg/sub-1055_ses-2_task-ffb_eeg.set,False
sub-1055,ses-3,ffc,400,258,136,6,50,86,0.009227156639099121,4.899007827043533,1.6839981079101562,True,1,,../data/ds004883_Clayson/sub-1055/ses-3/eeg/sub-1055_ses-3_task-ffc_eeg.set,False
sub-1056,ses-1,ffa,900,873,24,3,24,0,0.009498357772827148,16.468998489260674,2.0170077681541443,True,3,,../data/ds004883_Clayson/sub-1056/ses-1/eeg/sub-1056_ses-1_task-ffa_eeg.set,False
sub-1056,ses-3,ffb,330,287,43,0,30,13,0.009290933609008789,14.514998719096184,1.2830045074224472,True,1,,../data/ds004883_Clayson/sub-1056/ses-3/eeg/sub-1056_ses-3_task-ffb_eeg.set,False
sub-1056,ses-2,ffc,400,339,61,0,49,12,0.009585261344909668,7.38300159573555,1.6839981079101562,True,1,,../data/ds004883_Clayson/sub-1056/ses-2/eeg/sub-1056_ses-2_task-ffc_eeg.set,False
sub-1057,ses-3,ffa,900,506,177,217,55,122,0.00989079475402832,14.6619996945858,2.0170077681541443,True,3,,../data/ds004883_Clayson/sub-1057/ses-3/eeg/sub-1057_ses-3_task-ffa_eeg.set,False
sub-1057,ses-2,ffb,330,213,114,3,54,60,0.00966024398803711,14.4819974899292,1.284000277519226,True,1,,../data/ds004883_Clayson/sub-1057/ses-2/eeg/sub-1057_ses-2_task-ffb_eeg.set,False
sub-1057,ses-1,ffc,400,286,105,9,62,43,0.009423375129699707,10.182000696659088,1.6839981079101562,True,1,,../data/ds004883_Clayson/sub-1057/ses-1/eeg/sub-1057_ses-1_task-ffc_eeg.set,False
sub-1059,ses-2,ffa,900,812,47,41,39,8,0.009458422660827637,16.270999574065208,2.0170077681541443,True,3,,../data/ds004883_Clayson/sub-1059/ses-2/eeg/sub-1059_ses-2_task-ffa_eeg.set,False
sub-1059,ses-1,ffb,330,174,138,18,30,108,0.00957334041595459,19.096999615430832,1.284000277519226,True,1,,../data/ds004883_Clayson/sub-1059/ses-1/eeg/sub-1059_ses-1_task-ffb_eeg.set,False
sub-1059,ses-3,ffc,400,376,24,0,24,0,0.00992584228515625,6.132002547383308,1.684008166193962,True,1,,../data/ds004883_Clayson/sub-1059/ses-3/eeg/sub-1059_ses-3_task-ffc_eeg.set,False
sub-1060,ses-2,ffa,900,782,89,29,62,27,0.009867668151855469,16.13599888730049,2.0170077681541443,True,3,,../data/ds004883_Clayson/sub-1060/ses-2/eeg/sub-1060_ses-2_task-ffa_eeg.set,False
sub-1060,ses-3,ffb,330,273,50,7,27,23,0.009544610977172852,14.7979985922575,1.284000277519226,True,1,,../data/ds004883_Clayson/sub-1060/ses-3/eeg/sub-1060_ses-3_task-ffb_eeg.set,False
sub-1060,ses-1,ffc,400,268,122,10,43,79,0.009694576263427734,6.165999546647072,1.6839981079101562,True,1,,../data/ds004883_Clayson/sub-1060/ses-1/eeg/sub-1060_ses-1_task-ffc_eeg.set,False
sub-1061,ses-2,ffa,900,784,116,0,90,26,0.009683370590209961,13.703996387600899,2.0170077681541443,True,3,,../data/ds004883_Clayson/sub-1061/ses-2/eeg/sub-1061_ses-2_task-ffa_eeg.set,False
sub-1061,ses-3,ffb,330,279,51,0,44,7,0.009487152099609375,14.616004005074501,1.2830045074224472,True,1,,../data/ds004883_Clayson/sub-1061/ses-3/eeg/sub-1061_ses-3_task-ffb_eeg.set,False
sub-1061,ses-1,ffc,400,309,91,0,48,43,0.009105920791625977,9.599002450704575,1.6839981079101562,True,1,,../data/ds004883_Clayson/sub-1061/ses-1/eeg/sub-1061_ses-1_task-ffc_eeg.set,False
sub-1062,ses-3,ffa,900,870,27,3,23,4,0.009792685508728027,16.270999574065208,2.0170077681541443,True,3,,../data/ds004883_Clayson/sub-1062/ses-3/eeg/sub-1062_ses-3_task-ffa_eeg.set,False
sub-1062,ses-1,ffb,330,303,21,6,16,5,0.009804606437683105,14.814997091889381,1.2830045074224472,True,1,,../data/ds004883_Clayson/sub-1062/ses-1/eeg/sub-1062_ses-1_task-ffb_eeg.set,False
sub-1062,ses-2,ffc,400,392,8,0,8,0,0.009510278701782227,7.616001740098,1.684008166193962,True,1,,../data/ds004883_Clayson/sub-1062/ses-2/eeg/sub-1062_ses-2_task-ffc_eeg.set,False
sub-1064,ses-1,ffa,900,853,46,1,43,3,0.009585261344909668,16.27499957406521,2.0170077681541443,True,3,,../data/ds004883_Clayson/sub-1064/ses-1/eeg/sub-1064_ses-1_task-ffa_eeg.set,False
sub-1064,ses-3,ffb,330,250,80,0,56,24,0.009423375129699707,14.464998990297318,1.284000277519226,True,1,,../data/ds004883_Clayson/sub-1064/ses-3/eeg/sub-1064_ses-3_task-ffb_eeg.set,False
sub-1064,ses-2,ffc,400,321,78,1,47,31,0.009717702865600586,11.18200533092022,1.6839981079101562,True,1,,../data/ds004883_Clayson/sub-1064/ses-2/eeg/sub-1064_ses-2_task-ffc_eeg.set,False
sub-1065,ses-3,ffa,900,860,37,3,37,0,0.009671449661254883,11.426001534104348,2.0170077681541443,True,3,,../data/ds004883_Clayson/sub-1065/ses-3/eeg/sub-1065_ses-3_task-ffa_eeg.set,False
sub-1065,ses-2,ffb,330,312,15,3,10,5,0.009879589080810547,14.148002117872238,1.284000277519226,True,1,,../data/ds004883_Clayson/sub-1065/ses-2/eeg/sub-1065_ses-2_task-ffb_eeg.set,False
sub-1065,ses-1,ffc,400,365,34,1,23,11,0.009683370590209961,5.681994929909706,1.6839981079101562,True,1,,../data/ds004883_Clayson/sub-1065/ses-1/eeg/sub-1065_ses-1_task-ffc_eeg.set,False
sub-1066,ses-1,ffa,900,848,52,0,46,6,0.009844541549682617,16.476998489260673,2.0170077681541443,True,3,,../data/ds004883_Clayson/sub-1066/ses-1/eeg/sub-1066_ses-1_task-ffa_eeg.set,False
sub-1066,ses-2,ffb,330,277,53,0,38,15,0.009325265884399414,15.39900116622448,1.284000277519226,True,1,,../data/ds004883_Clayson/sub-1066/ses-2/eeg/sub-1066_ses-2_task-ffb_eeg.set,False
sub-1066,ses-3,ffc,400,353,47,0,34,13,0.009487152099609375,5.51600307226181,2.1499983966350555,True,1,,../data/ds004883_Clayson/sub-1066/ses-3/eeg/sub-1066_ses-3_task-ffc_eeg.set,False
sub-1067,ses-1,ffa,900,840,51,9,42,9,0.009706497192382812,13.846999803900719,2.0170077681541443,True,3,,../data/ds004883_Clayson/sub-1067/ses-1/eeg/sub-1067_ses-1_task-ffa_eeg.set,False
sub-1067,ses-3,ffb,330,203,112,15,39,73,0.00960838794708252,14.649005234241486,1.284000277519226,True,1,,../data/ds004883_Clayson/sub-1067/ses-3/eeg/sub-1067_ses-3_task-ffb_eeg.set,False
sub-1067,ses-2,ffc,400,284,110,6,60,50,0.009619593620300293,5.266004428267479,1.684008166193962,True,1,,../data/ds004883_Clayson/sub-1067/ses-2/eeg/sub-1067_ses-2_task-ffc_eeg.set,False
sub-1069,ses-3,ffa,900,854,46,0,44,2,0.009919524192810059,16.277995344161987,2.0170077681541443,True,3,,../data/ds004883_Clayson/sub-1069/ses-3/eeg/sub-1069_ses-3_task-ffa_eeg.set,False
sub-1069,ses-1,ffb,330,289,31,10,21,10,0.009400248527526855,14.381998032331467,1.284000277519226,True,1,,../data/ds004883_Clayson/sub-1069/ses-1/eeg/sub-1069_ses-1_task-ffb_eeg.set,False
sub-1069,ses-2,ffc,400,368,31,1,29,2,0.009683370590209961,9.498992934823036,1.6839981079101562,True,1,,../data/ds004883_Clayson/sub-1069/ses-2/eeg/sub-1069_ses-2_task-ffc_eeg.set,False
sub-1070,ses-2,ffa,900,837,56,7,44,12,0.009954571723937988,16.35299630212784,2.0170077681541443,True,3,,../data/ds004883_Clayson/sub-1070/ses-2/eeg/sub-1070_ses-2_task-ffa_eeg.set,False
sub-1070,ses-1,ffb,330,155,169,6,29,140,0.009706497192382812,14.96499627828598,1.284000277519226,True,1,,../data/ds004883_Clayson/sub-1070/ses-1/eeg/sub-1070_ses-1_task-ffb_eeg.set,False
sub-1070,ses-3,ffc,400,311,80,9,42,38,0.009464025497436523,5.48299178481102,1.6839981079101562,True,1,,../data/ds004883_Clayson/sub-1070/ses-3/eeg/sub-1070_ses-3_task-ffc_eeg.set,False
sub-2004,ses-2,ffa,900,802,88,10,75,13,0.009631514549255371,16.291999672174455,1.9840065389871597,True,3,,../data/ds004883_Clayson/sub-2004/ses-2/eeg/sub-2004_ses-2_task-ffa_eeg.set,False
sub-2004,ses-1,ffc,400,272,120,8,49,71,0.009637117385864258,4.96700182557106,1.6669996082782745,True,1,,../data/ds004883_Clayson/sub-2004/ses-1/eeg/sub-2004_ses-1_task-ffc_eeg.set,False
sub-2005,ses-1,ffa,900,769,130,1,102,28,0.009683370590209961,16.582008103251457,1.9840065389871597,True,3,,../data/ds004883_Clayson/sub-2005/ses-1/eeg/sub-2005_ses-1_task-ffa_eeg.set,False
sub-2005,ses-3,ffc,400,273,123,4,52,71,0.009781479835510254,5.949997901916504,1.6669996082782745,True,1,,../data/ds004883_Clayson/sub-2005/ses-3/eeg/sub-2005_ses-3_task-ffc_eeg.set,False
sub-2006,ses-3,ffa,900,788,51,61,34,17,0.009683370590209961,16.42900035893917,1.9840065389871597,True,3,,../data/ds004883_Clayson/sub-2006/ses-3/eeg/sub-2006_ses-3_task-ffa_eeg.set,False
sub-2006,ses-1,ffb,330,283,45,2,30,15,0.009637117385864258,14.567000046372414,1.2670017778873444,True,1,,../data/ds004883_Clayson/sub-2006/ses-1/eeg/sub-2006_ses-1_task-ffb_eeg.set,False
sub-2006,ses-2,ffc,400,328,41,31,19,22,0.009585261344909668,6.299000233411789,1.6669996082782745,True,1,,../data/ds004883_Clayson/sub-2006/ses-2/eeg/sub-2006_ses-2_task-ffc_eeg.set,False
sub-2007,ses-1,ffb,330,313,14,3,12,2,0.009769558906555176,14.867008477449417,1.2670017778873444,True,1,,../data/ds004883_Clayson/sub-2007/ses-1/eeg/sub-2007_ses-1_task-ffb_eeg.set,False
sub-2007,ses-2,ffc,400,384,16,0,16,0,0.009781479835510254,6.3160087913274765,1.6669996082782745,True,1,,../data/ds004883_Clayson/sub-2007/ses-2/eeg/sub-2007_ses-2_task-ffc_eeg.set,False
sub-2008,ses-2,ffa,900,818,63,19,52,11,0.009746432304382324,16.776007018446922,1.9999992102384567,True,3,,../data/ds004883_Clayson/sub-2008/ses-2/eeg/sub-2008_ses-2_task-ffa_eeg.set,False
sub-2008,ses-3,ffb,330,311,18,1,15,3,0.009464025497436523,14.899999648332596,1.2670017778873444,True,1,,../data/ds004883_Clayson/sub-2008/ses-3/eeg/sub-2008_ses-3_task-ffb_eeg.set,False
sub-2008,ses-1,ffc,400,381,19,0,16,3,0.009325265884399414,11.815999075770378,1.6669996082782745,True,1,,../data/ds004883_Clayson/sub-2008/ses-1/eeg/sub-2008_ses-1_task-ffc_eeg.set,False
sub-2009,ses-1,ffa,900,867,31,2,31,0,0.009769558906555176,16.387999129772187,1.9840065389871597,True,3,,../data/ds004883_Clayson/sub-2009/ses-1/eeg/sub-2009_ses-1_task-ffa_eeg.set,False
sub-2009,ses-2,ffb,330,262,65,3,41,24,0.009758353233337402,15.699995309114456,1.2670017778873444,True,1,,../data/ds004883_Clayson/sub-2009/ses-2/eeg/sub-2009_ses-2_task-ffb_eeg.set,False
sub-2009,ses-3,ffc,400,328,72,0,53,19,0.009192824363708496,5.199991911649704,1.6669996082782745,True,1,,../data/ds004883_Clayson/sub-2009/ses-3/eeg/sub-2009_ses-3_task-ffc_eeg.set,False
sub-2010,ses-2,ffa,900,729,146,25,113,33,0.009562134742736816,16.391999129772188,1.9840065389871597,True,3,,../data/ds004883_Clayson/sub-2010/ses-2/eeg/sub-2010_ses-2_task-ffa_eeg.set,False
sub-2010,ses-3,ffc,400,336,62,2,41,21,0.00973522663116455,5.99999763071537,1.6669996082782745,True,1,,../data/ds004883_Clayson/sub-2010/ses-3/eeg/sub-2010_ses-3_task-ffc_eeg.set,False
sub-2011,ses-1,ffa,900,840,54,6,52,2,0.009792685508728027,11.547997990965843,1.9840065389871597,True,3,,../data/ds004883_Clayson/sub-2011/ses-1/eeg/sub-2011_ses-1_task-ffa_eeg.set,False
sub-2011,ses-3,ffb,330,165,135,30,36,99,0.009521484375,14.150003716349602,1.2670017778873444,True,1,,../data/ds004883_Clayson/sub-2011/ses-3/eeg/sub-2011_ses-3_task-ffb_eeg.set,False
sub-2011,ses-2,ffc,400,279,117,4,58,59,0.00915217399597168,5.216004699468613,1.6669996082782745,True,1,,../data/ds004883_Clayson/sub-2011/ses-2/eeg/sub-2011_ses-2_task-ffc_eeg.set,False
sub-2012,ses-3,ffa,900,822,78,0,67,11,0.00955653190612793,16.385999129772188,1.9999992102384567,True,3,,../data/ds004883_Clayson/sub-2012/ses-3/eeg/sub-2012_ses-3_task-ffa_eeg.set,False
sub-2012,ses-2,ffb,330,276,51,3,34,17,0.009758353233337402,15.049003064632416,1.2670017778873444,True,1,,../data/ds004883_Clayson/sub-2012/ses-2/eeg/sub-2012_ses-2_task-ffb_eeg.set,False
sub-2012,ses-1,ffc,400,359,41,0,32,9,0.009792685508728027,13.94999474287033,1.6669996082782745,True,1,,../data/ds004883_Clayson/sub-2012/ses-1/eeg/sub-2012_ses-1_task-ffc_eeg.set,False
sub-2013,ses-1,ffa,900,867,23,10,21,2,0.009879589080810547,16.389999129772185,1.9840065389871597,True,3,,../data/ds004883_Clayson/sub-2013/ses-1/eeg/sub-2013_ses-1_task-ffa_eeg.set,False
sub-2013,ses-3,ffb,330,293,32,5,30,2,0.009758353233337402,14.115996658802032,1.2670017778873444,True,1,,../data/ds004883_Clayson/sub-2013/ses-3/eeg/sub-2013_ses-3_task-ffb_eeg.set,False
sub-2013,ses-2,ffc,400,351,46,3,38,8,0.009769558906555176,8.616992086172104,1.6669996082782745,True,1,,../data/ds004883_Clayson/sub-2013/ses-2/eeg/sub-2013_ses-2_task-ffc_eeg.set,False
sub-2015,ses-2,ffa,900,844,51,5,49,2,0.009717702865600586,16.767994230628013,1.9999992102384567,True,3,,../data/ds004883_Clayson/sub-2015/ses-2/eeg/sub-2015_ses-2_task-ffa_eeg.set,False
sub-2015,ses-1,ffb,330,279,51,0,43,8,0.00936591625213623,14.983996376395226,1.2670017778873444,True,0,,../data/ds004883_Clayson/sub-2015/ses-1/eeg/sub-2015_ses-1_task-ffb_eeg.set,True
sub-2015,ses-3,ffc,400,365,34,1,26,8,0.00966024398803711,5.066991224884987,1.6669996082782745,True,1,,../data/ds004883_Clayson/sub-2015/ses-3/eeg/sub-2015_ses-3_task-ffc_eeg.set,False
sub-2016,ses-1,ffa,900,861,31,8,26,5,0.009867668151855469,16.393999129772187,1.9840065389871597,True,3,,../data/ds004883_Clayson/sub-2016/ses-1/eeg/sub-2016_ses-1_task-ffa_eeg.set,False
sub-2016,ses-2,ffb,330,307,21,2,18,3,0.009325265884399414,15.01699760556221,1.2659959495067596,True,1,,../data/ds004883_Clayson/sub-2016/ses-2/eeg/sub-2016_ses-2_task-ffb_eeg.set,False
sub-2016,ses-3,ffc,400,375,24,1,20,4,0.009827733039855957,6.367004290223122,1.6669996082782745,True,1,,../data/ds004883_Clayson/sub-2016/ses-3/eeg/sub-2016_ses-3_task-ffc_eeg.set,False
sub-2017,ses-3,ffa,900,830,54,16,43,11,0.00960838794708252,10.325003270626068,2.0000092685222626,True,3,,../data/ds004883_Clayson/sub-2017/ses-3/eeg/sub-2017_ses-3_task-ffa_eeg.set,False
sub-2017,ses-1,ffb,330,204,100,26,25,75,0.0099945068359375,14.033005759119987,1.2670017778873444,True,1,,../data/ds004883_Clayson/sub-2017/ses-1/eeg/sub-2017_ses-1_task-ffb_eeg.set,False
sub-2017,ses-2,ffc,400,358,38,4,25,13,0.009498357772827148,5.065995454788208,1.6669996082782745,True,1,,../data/ds004883_Clayson/sub-2017/ses-2/eeg/sub-2017_ses-2_task-ffc_eeg.set,False
sub-2019,ses-3,ffa,900,857,42,1,42,0,0.009746432304382324,16.600000774502753,1.9840065389871597,True,3,,../data/ds004883_Clayson/sub-2019/ses-3/eeg/sub-2019_ses-3_task-ffa_eeg.set,False
sub-2019,ses-2,ffb,330,287,40,3,28,12,0.00966024398803711,15.699995309114456,1.2670017778873444,True,1,,../data/ds004883_Clayson/sub-2019/ses-2/eeg/sub-2019_ses-2_task-ffb_eeg.set,False
sub-2019,ses-1,ffc,400,377,23,0,22,1,0.009585261344909668,5.882999673485756,1.6669996082782745,True,1,,../data/ds004883_Clayson/sub-2019/ses-1/eeg/sub-2019_ses-1_task-ffc_eeg.set,False
sub-2020,ses-2,ffa,900,865,33,2,33,0,0.00989079475402832,12.708001811623573,1.9840065389871597,True,3,,../data/ds004883_Clayson/sub-2020/ses-2/eeg/sub-2020_ses-2_task-ffa_eeg.set,False
sub-2020,ses-1,ffb,330,303,20,7,14,6,0.009521484375,14.983000606298447,1.2670017778873444,True,1,,../data/ds004883_Clayson/sub-2020/ses-1/eeg/sub-2020_ses-1_task-ffb_eeg.set,False
sub-2020,ses-3,ffc,400,384,15,1,14,1,0.009521484375,6.032998859882355,1.6669996082782745,True,1,,../data/ds004883_Clayson/sub-2020/ses-3/eeg/sub-2020_ses-3_task-ffc_eeg.set,False
sub-2021,ses-1,ffa,900,830,69,1,64,5,0.009671449661254883,16.56899954533577,1.9840065389871597,True,3,,../data/ds004883_Clayson/sub-2021/ses-1/eeg/sub-2021_ses-1_task-ffa_eeg.set,False
sub-2021,ses-3,ffb,330,202,119,9,39,80,0.009094715118408203,15.733006596565247,1.2670017778873444,True,1,,../data/ds004883_Clayson/sub-2021/ses-3/eeg/sub-2021_ses-3_task-ffb_eeg.set,False
sub-2021,ses-2,ffc,400,290,109,1,74,35,0.009464025497436523,6.266994774341583,1.6669996082782745,True,1,,../data/ds004883_Clayson/sub-2021/ses-2/eeg/sub-2021_ses-2_task-ffc_eeg.set,False
sub-2022,ses-2,ffa,900,696,73,131,59,14,0.009585261344909668,13.670997887969017,1.9840065389871597,True,3,,../data/ds004883_Clayson/sub-2022/ses-2/eeg/sub-2022_ses-2_task-ffa_eeg.set,False
sub-2022,ses-3,ffb,330,267,62,1,37,25,0.00936591625213623,14.066006988286972,1.2500032782554626,True,1,,../data/ds004883_Clayson/sub-2022/ses-3/eeg/sub-2022_ses-3_task-ffb_eeg.set,False
sub-2022,ses-1,ffc,400,309,91,0,64,27,0.009487152099609375,6.4659979194402695,1.6669996082782745,True,1,,../data/ds004883_Clayson/sub-2022/ses-1/eeg/sub-2022_ses-1_task-ffc_eeg.set,False
sub-2023,ses-1,ffa,900,811,87,2,67,20,0.009562134742736816,16.397003359675406,1.9840065389871597,True,3,,../data/ds004883_Clayson/sub-2023/ses-1/eeg/sub-2023_ses-1_task-ffa_eeg.set,False
sub-2023,ses-2,ffb,330,233,94,3,30,64,0.009856462478637695,14.716999232769012,1.2670017778873444,True,1,,../data/ds004883_Clayson/sub-2023/ses-2/eeg/sub-2023_ses-2_task-ffb_eeg.set,False
sub-2023,ses-3,ffc,400,312,87,1,50,37,0.009521484375,5.400000885128975,1.6669996082782745,True,1,,../data/ds004883_Clayson/sub-2023/ses-3/eeg/sub-2023_ses-3_task-ffc_eeg.set,False
sub-2024,ses-3,ffa,900,707,185,8,110,75,0.009758353233337402,14.953999665856362,1.9840065389871597,True,3,,../data/ds004883_Clayson/sub-2024/ses-3/eeg/sub-2024_ses-3_task-ffa_eeg.set,False
sub-2024,ses-1,ffb,330,109,208,13,18,190,0.009637117385864258,14.916002377867699,1.2670017778873444,True,1,,../data/ds004883_Clayson/sub-2024/ses-1/eeg/sub-2024_ses-1_task-ffb_eeg.set,False
sub-2024,ses-2,ffc,400,256,136,8,66,70,0.009567737579345703,5.6999992579221725,1.6670096665620804,True,1,,../data/ds004883_Clayson/sub-2024/ses-2/eeg/sub-2024_ses-2_task-ffc_eeg.set,False
sub-2025,ses-1,ffb,330,235,91,4,45,46,0.00931406021118164,14.49999175965786,1.2670017778873444,True,1,,../data/ds004883_Clayson/sub-2025/ses-1/eeg/sub-2025_ses-1_task-ffb_eeg.set,False
sub-2025,ses-2,ffc,400,274,101,25,46,55,0.009521484375,5.267000198364258,1.6669996082782745,True,1,,../data/ds004883_Clayson/sub-2025/ses-2/eeg/sub-2025_ses-2_task-ffc_eeg.set,False
sub-2026,ses-2,ffa,900,855,35,10,30,5,0.00989079475402832,15.165003867030144,1.9840065389871597,True,3,,../data/ds004883_Clayson/sub-2026/ses-2/eeg/sub-2026_ses-2_task-ffa_eeg.set,False
sub-2026,ses-3,ffb,330,290,38,2,31,7,0.009562134742736816,14.265995845198631,1.2670017778873444,True,1,,../data/ds004883_Clayson/sub-2026/ses-3/eeg/sub-2026_ses-3_task-ffb_eeg.set,False
sub-2026,ses-1,ffc,400,365,35,0,33,2,0.009856462478637695,6.682995334267616,1.6670096665620804,True,1,,../data/ds004883_Clayson/sub-2026/ses-1/eeg/sub-2026_ses-1_task-ffc_eeg.set,False
sub-2027,ses-1,ffa,900,872,26,2,23,3,0.009919524192810059,15.033996393918992,1.9840065389871597,True,3,,../data/ds004883_Clayson/sub-2027/ses-1/eeg/sub-2027_ses-1_task-ffa_eeg.set,False
sub-2027,ses-2,ffb,330,287,43,0,32,11,0.009867668151855469,14.93300087749958,1.2670017778873444,True,1,,../data/ds004883_Clayson/sub-2027/ses-2/eeg/sub-2027_ses-2_task-ffb_eeg.set,False
sub-2027,ses-3,ffc,400,365,35,0,29,6,0.009856462478637695,5.133999511599541,1.6670096665620804,True,1,,../data/ds004883_Clayson/sub-2027/ses-3/eeg/sub-2027_ses-3_task-ffc_eeg.set,False
sub-2028,ses-2,ffa,900,771,129,0,89,40,0.009867668151855469,16.585998044967653,1.9840065389871597,True,3,,../data/ds004883_Clayson/sub-2028/ses-2/eeg/sub-2028_ses-2_task-ffa_eeg.set,False
sub-2028,ses-1,ffb,330,273,56,1,41,15,0.00973522663116455,18.932999297976494,1.2670017778873444,True,1,,../data/ds004883_Clayson/sub-2028/ses-1/eeg/sub-2028_ses-1_task-ffb_eeg.set,False
sub-2028,ses-3,ffc,400,327,71,2,47,24,0.009833335876464844,10.015998780727386,1.6670096665620804,True,1,,../data/ds004883_Clayson/sub-2028/ses-3/eeg/sub-2028_ses-3_task-ffc_eeg.set,False
sub-2029,ses-1,ffa,900,800,97,3,87,10,0.009521484375,16.14199042749405,1.9840065389871597,True,3,,../data/ds004883_Clayson/sub-2029/ses-1/eeg/sub-2029_ses-1_task-ffa_eeg.set,False
sub-2029,ses-3,ffb,330,198,112,20,42,70,0.009544610977172852,14.515994489192963,1.2670017778873444,True,1,,../data/ds004883_Clayson/sub-2029/ses-3/eeg/sub-2029_ses-3_task-ffb_eeg.set,False
sub-2029,ses-2,ffc,400,273,124,3,69,55,0.009562134742736816,5.932999402284622,1.6669996082782745,True,1,,../data/ds004883_Clayson/sub-2029/ses-2/eeg/sub-2029_ses-2_task-ffc_eeg.set,False
sub-2030,ses-3,ffa,900,821,79,0,66,13,0.009654641151428223,16.58399804496765,1.9840065389871597,True,3,,../data/ds004883_Clayson/sub-2030/ses-3/eeg/sub-2030_ses-3_task-ffa_eeg.set,False
sub-2030,ses-2,ffb,330,290,40,0,32,8,0.008823513984680176,16.450001299381256,1.2670017778873444,True,1,,../data/ds004883_Clayson/sub-2030/ses-2/eeg/sub-2030_ses-2_task-ffb_eeg.set,False
sub-2030,ses-1,ffc,400,368,32,0,27,5,0.009931445121765137,8.515996858477592,1.6670096665620804,True,1,,../data/ds004883_Clayson/sub-2030/ses-1/eeg/sub-2030_ses-1_task-ffc_eeg.set,False
sub-2031,ses-1,ffa,900,893,7,0,7,0,0.00966024398803711,16.787996960163117,1.9999992102384567,True,3,,../data/ds004883_Clayson/sub-2031/ses-1/eeg/sub-2031_ses-1_task-ffa_eeg.set,False
sub-2031,ses-3,ffb,330,289,39,2,29,10,0.00994265079498291,14.33299407362938,1.2670017778873444,True,1,,../data/ds004883_Clayson/sub-2031/ses-3/eeg/sub-2031_ses-3_task-ffb_eeg.set,False
sub-2031,ses-2,ffc,400,355,45,0,37,8,0.009815812110900879,6.183993816375732,1.6670096665620804,True,1,,../data/ds004883_Clayson/sub-2031/ses-2/eeg/sub-2031_ses-2_task-ffc_eeg.set,False
sub-2032,ses-3,ffa,900,872,28,0,28,0,0.009562134742736816,16.77200701844692,1.9840065389871597,True,3,,../data/ds004883_Clayson/sub-2032/ses-3/eeg/sub-2032_ses-3_task-ffa_eeg.set,False
sub-2032,ses-2,ffb,330,317,10,3,7,3,0.009227156639099121,17.166000232100487,1.2670017778873444,True,1,,../data/ds004883_Clayson/sub-2032/ses-2/eeg/sub-2032_ses-2_task-ffb_eeg.set,False
sub-2032,ses-1,ffc,400,390,10,0,10,0,0.009498357772827148,6.215999275445938,1.6669996082782745,True,1,,../data/ds004883_Clayson/sub-2032/ses-1/eeg/sub-2032_ses-1_task-ffc_eeg.set,False
sub-2034,ses-1,ffa,900,850,50,0,46,4,0.00966024398803711,15.77100388455391,1.9999992102384567,True,3,,../data/ds004883_Clayson/sub-2034/ses-1/eeg/sub-2034_ses-1_task-ffa_eeg.set,False
sub-2034,ses-3,ffc,400,262,134,4,54,80,0.009637117385864258,5.050002783536911,1.6669996082782745,True,1,,../data/ds004883_Clayson/sub-2034/ses-3/eeg/sub-2034_ses-3_task-ffc_eeg.set,False
sub-2035,ses-3,ffa,900,791,109,0,96,13,0.009815812110900879,16.39699762940407,1.9840065389871597,True,3,,../data/ds004883_Clayson/sub-2035/ses-3/eeg/sub-2035_ses-3_task-ffa_eeg.set,False
sub-2035,ses-1,ffb,330,228,87,15,45,42,0.009619593620300293,14.866998419165611,1.2670017778873444,True,1,,../data/ds004883_Clayson/sub-2035/ses-1/eeg/sub-2035_ses-1_task-ffb_eeg.set,False
sub-2035,ses-2,ffc,400,271,107,22,58,49,0.009642720222473145,7.2669994086027145,1.6669996082782745,True,1,,../data/ds004883_Clayson/sub-2035/ses-2/eeg/sub-2035_ses-2_task-ffc_eeg.set,False
sub-2036,ses-2,ffa,900,758,142,0,120,22,0.009833335876464844,16.77400428891182,1.9840065389871597,True,3,,../data/ds004883_Clayson/sub-2036/ses-2/eeg/sub-2036_ses-2_task-ffa_eeg.set,False
sub-2036,ses-3,ffb,330,277,53,0,35,18,0.009596467018127441,14.583998546004295,1.2669917196035385,True,1,,../data/ds004883_Clayson/sub-2036/ses-3/eeg/sub-2036_ses-3_task-ffb_eeg.set,False
sub-2036,ses-1,ffc,400,330,70,0,60,10,0.009913921356201172,14.733001962304115,1.6669996082782745,True,1,,../data/ds004883_Clayson/sub-2036/ses-1/eeg/sub-2036_ses-1_task-ffc_eeg.set,False
sub-2037,ses-3,ffa,900,801,92,7,85,7,0.00966024398803711,16.798995459794998,1.9840065389871597,True,3,,../data/ds004883_Clayson/sub-2037/ses-3/eeg/sub-2037_ses-3_task-ffa_eeg.set,False
sub-2037,ses-2,ffb,330,277,52,1,39,13,0.009856462478637695,14.467000588774681,1.2670017778873444,True,1,,../data/ds004883_Clayson/sub-2037/ses-2/eeg/sub-2037_ses-2_task-ffb_eeg.set,False
sub-2037,ses-1,ffc,400,340,52,8,41,11,0.009988903999328613,6.900998577475548,1.6669996082782745,True,1,,../data/ds004883_Clayson/sub-2037/ses-1/eeg/sub-2037_ses-1_task-ffc_eeg.set,False
sub-2038,ses-2,ffa,900,880,19,1,19,0,0.009533405303955078,16.55699954533577,1.9999992102384567,True,3,,../data/ds004883_Clayson/sub-2038/ses-2/eeg/sub-2038_ses-2_task-ffa_eeg.set,False
sub-2038,ses-1,ffb,330,319,10,1,7,3,0.009082794189453125,17.415998876094818,1.2670017778873444,True,1,,../data/ds004883_Clayson/sub-2038/ses-1/eeg/sub-2038_ses-1_task-ffb_eeg.set,False
sub-2038,ses-3,ffc,400,396,4,0,4,0,0.009487152099609375,6.567003205418587,1.6670096665620804,True,1,,../data/ds004883_Clayson/sub-2038/ses-3/eeg/sub-2038_ses-3_task-ffc_eeg.set,False
sub-2039,ses-1,ffa,900,778,121,1,110,11,0.010040760040283203,16.570005373716356,1.9840065389871597,True,3,,../data/ds004883_Clayson/sub-2039/ses-1/eeg/sub-2039_ses-1_task-ffa_eeg.set,False
sub-2039,ses-3,ffb,330,182,134,14,44,90,0.00936591625213623,14.432993531227112,1.2670017778873444,True,0,,../data/ds004883_Clayson/sub-2039/ses-3/eeg/sub-2039_ses-3_task-ffb_eeg.set,True
sub-2039,ses-2,ffc,400,265,127,8,52,75,0.009325265884399414,5.766001716256142,1.6669996082782745,True,1,,../data/ds004883_Clayson/sub-2039/ses-2/eeg/sub-2039_ses-2_task-ffc_eeg.set,False
sub-2040,ses-2,ffa,900,846,53,1,50,3,0.009717702865600586,16.787996960163117,1.9840065389871597,True,3,,../data/ds004883_Clayson/sub-2040/ses-2/eeg/sub-2040_ses-2_task-ffa_eeg.set,False
sub-2040,ses-3,ffb,330,300,29,1,24,5,0.009758353233337402,14.21600617468357,1.2670017778873444,True,1,,../data/ds004883_Clayson/sub-2040/ses-3/eeg/sub-2040_ses-3_task-ffb_eeg.set,False
sub-2040,ses-1,ffc,400,281,119,0,60,59,0.009815812110900879,11.132991313934326,1.6669996082782745,True,1,,../data/ds004883_Clayson/sub-2040/ses-1/eeg/sub-2040_ses-1_task-ffc_eeg.set,False
sub-2041,ses-1,ffa,900,825,74,1,74,0,0.00989079475402832,16.225001172542573,1.9840065389871597,True,3,,../data/ds004883_Clayson/sub-2041/ses-1/eeg/sub-2041_ses-1_task-ffa_eeg.set,False
sub-2041,ses-2,ffb,330,243,82,5,41,41,0.009619593620300293,14.18299488723278,1.2670017778873444,True,1,,../data/ds004883_Clayson/sub-2041/ses-2/eeg/sub-2041_ses-2_task-ffb_eeg.set,False
sub-2041,ses-3,ffc,400,320,80,0,43,37,0.009792685508728027,5.550000071525574,1.6669996082782745,True,1,,../data/ds004883_Clayson/sub-2041/ses-3/eeg/sub-2041_ses-3_task-ffc_eeg.set,False
sub-2042,ses-3,ffa,900,802,82,16,73,9,0.009694576263427734,16.752998460531234,1.9840065389871597,True,3,,../data/ds004883_Clayson/sub-2042/ses-3/eeg/sub-2042_ses-3_task-ffa_eeg.set,False
sub-2042,ses-1,ffb,330,282,46,2,32,14,0.009988903999328613,14.716003462672234,1.2670017778873444,True,1,,../data/ds004883_Clayson/sub-2042/ses-1/eeg/sub-2042_ses-1_task-ffb_eeg.set,False
sub-2042,ses-2,ffc,400,370,30,0,28,2,0.009954571723937988,5.400000885128975,1.6670096665620804,True,1,,../data/ds004883_Clayson/sub-2042/ses-2/eeg/sub-2042_ses-2_task-ffc_eeg.set,False
sub-2043,ses-3,ffa,900,805,88,7,69,19,0.009931445121765137,16.787996960163117,1.9840065389871597,True,3,,../data/ds004883_Clayson/sub-2043/ses-3/eeg/sub-2043_ses-3_task-ffa_eeg.set,False
sub-2043,ses-1,ffb,330,280,50,0,29,21,0.009833335876464844,14.466990530490875,1.2670017778873444,True,1,,../data/ds004883_Clayson/sub-2043/ses-1/eeg/sub-2043_ses-1_task-ffb_eeg.set,False
sub-2043,ses-2,ffc,400,363,37,0,32,5,0.009596467018127441,5.5159930139780045,1.6670096665620804,True,1,,../data/ds004883_Clayson/sub-2043/ses-2/eeg/sub-2043_ses-2_task-ffc_eeg.set,False
sub-2044,ses-2,ffa,900,831,69,0,61,8,0.009804606437683105,16.387999129772187,1.9840065389871597,True,3,,../data/ds004883_Clayson/sub-2044/ses-2/eeg/sub-2044_ses-2_task-ffa_eeg.set,False
sub-2044,ses-3,ffb,330,276,53,1,38,15,0.009596467018127441,14.432993531227112,1.2670017778873444,True,1,,../data/ds004883_Clayson/sub-2044/ses-3/eeg/sub-2044_ses-3_task-ffb_eeg.set,False
sub-2044,ses-1,ffc,400,350,50,0,40,10,0.009562134742736816,5.267000198364258,1.6670096665620804,True,1,,../data/ds004883_Clayson/sub-2044/ses-1/eeg/sub-2044_ses-1_task-ffc_eeg.set,False
sub-2045,ses-1,ffa,900,825,50,25,48,2,0.009879589080810547,15.58499764060974,1.9840065389871597,True,3,,../data/ds004883_Clayson/sub-2045/ses-1/eeg/sub-2045_ses-1_task-ffa_eeg.set,False
sub-2045,ses-2,ffb,330,284,46,0,36,10,0.009585261344909668,14.317001402378082,1.2670017778873444,True,1,,../data/ds004883_Clayson/sub-2045/ses-2/eeg/sub-2045_ses-2_task-ffb_eeg.set,False
sub-2045,ses-3,ffc,400,353,47,0,37,10,0.009792685508728027,5.816001445055008,1.6669996082782745,True,1,,../data/ds004883_Clayson/sub-2045/ses-3/eeg/sub-2045_ses-3_task-ffc_eeg.set,False
sub-2046,ses-2,ffa,900,798,73,29,62,11,0.009988903999328613,16.381999129772186,1.9840065389871597,True,3,,../data/ds004883_Clayson/sub-2046/ses-2/eeg/sub-2046_ses-2_task-ffa_eeg.set,False
sub-2046,ses-1,ffb,330,267,61,2,41,20,0.009521484375,14.284000173211098,1.2670017778873444,True,1,,../data/ds004883_Clayson/sub-2046/ses-1/eeg/sub-2046_ses-1_task-ffb_eeg.set,False
sub-2046,ses-3,ffc,400,341,58,1,41,17,0.009325265884399414,5.215994641184807,1.6669996082782745,True,1,,../data/ds004883_Clayson/sub-2046/ses-3/eeg/sub-2046_ses-3_task-ffc_eeg.set,False
sub-2047,ses-1,ffa,900,893,7,0,7,0,0.009856462478637695,16.212998714208602,1.9840065389871597,True,3,,../data/ds004883_Clayson/sub-2047/ses-1/eeg/sub-2047_ses-1_task-ffa_eeg.set,False
sub-2047,ses-3,ffb,330,311,17,2,14,3,0.00989079475402832,16.183004155755043,1.2670017778873444,True,1,,../data/ds004883_Clayson/sub-2047/ses-3/eeg/sub-2047_ses-3_task-ffb_eeg.set,False
sub-2047,ses-2,ffc,400,385,15,0,12,3,0.009792685508728027,15.217006579041481,1.6669996082782745,True,0,,../data/ds004883_Clayson/sub-2047/ses-2/eeg/sub-2047_ses-2_task-ffc_eeg.set,True
sub-2048,ses-3,ffa,900,747,152,1,118,34,0.009931445121765137,16.335999129772187,1.9840065389871597,True,3,,../data/ds004883_Clayson/sub-2048/ses-3/eeg/sub-2048_ses-3_task-ffa_eeg.set,False
sub-2048,ses-2,ffb,330,223,95,12,34,61,0.009694576263427734,14.167002215981483,1.2670017778873444,True,1,,../data/ds004883_Clayson/sub-2048/ses-2/eeg/sub-2048_ses-2_task-ffb_eeg.set,False
sub-2048,ses-1,ffc,400,279,116,5,56,60,0.009694576263427734,10.84999144077301,1.6670096665620804,True,0,,../data/ds004883_Clayson/sub-2048/ses-1/eeg/sub-2048_ses-1_task-ffc_eeg.set,True
sub-2049,ses-1,ffa,900,842,44,14,38,6,0.00989079475402832,16.400997629404067,1.9840065389871597,True,3,,../data/ds004883_Clayson/sub-2049/ses-1/eeg/sub-2049_ses-1_task-ffa_eeg.set,False
sub-2049,ses-3,ffb,330,282,46,2,35,11,0.00915217399597168,15.316995978355408,1.2670017778873444,True,1,,../data/ds004883_Clayson/sub-2049/ses-3/eeg/sub-2049_ses-3_task-ffb_eeg.set,False
sub-2049,ses-2,ffc,400,338,62,0,49,13,0.009758353233337402,5.9829991310834885,1.6669996082782745,True,1,,../data/ds004883_Clayson/sub-2049/ses-2/eeg/sub-2049_ses-2_task-ffc_eeg.set,False
sub-2050,ses-3,ffa,900,832,68,0,58,10,0.009856462478637695,16.58199804496765,1.9840065389871597,True,3,,../data/ds004883_Clayson/sub-2050/ses-3/eeg/sub-2050_ses-3_task-ffa_eeg.set,False
sub-2050,ses-2,ffb,330,289,41,0,27,14,0.00973522663116455,15.066997334361076,1.2670017778873444,True,1,,../data/ds004883_Clayson/sub-2050/ses-2/eeg/sub-2050_ses-2_task-ffb_eeg.set,False
sub-2050,ses-1,ffc,400,337,62,1,49,13,0.009671449661254883,6.915995478630066,1.6669996082782745,True,1,,../data/ds004883_Clayson/sub-2050/ses-1/eeg/sub-2050_ses-1_task-ffc_eeg.set,False
sub-2051,ses-2,ffa,900,789,111,0,91,20,0.009596467018127441,16.37300335967541,1.9840065389871597,True,3,,../data/ds004883_Clayson/sub-2051/ses-2/eeg/sub-2051_ses-2_task-ffa_eeg.set,False
sub-2051,ses-1,ffb,330,290,40,0,34,6,0.009833335876464844,15.648999810218811,1.2670017778873444,True,1,,../data/ds004883_Clayson/sub-2051/ses-1/eeg/sub-2051_ses-1_task-ffb_eeg.set,False
sub-2051,ses-3,ffc,400,356,44,0,35,9,0.009683370590209961,9.316002577543259,1.6669996082782745,True,1,,../data/ds004883_Clayson/sub-2051/ses-3/eeg/sub-2051_ses-3_task-ffc_eeg.set,False
sub-2052,ses-1,ffa,900,712,42,146,20,22,0.009585261344909668,16.789996960163116,1.9840065389871597,True,3,,../data/ds004883_Clayson/sub-2052/ses-1/eeg/sub-2052_ses-1_task-ffa_eeg.set,False
sub-2052,ses-2,ffb,330,282,44,4,26,18,0.009758353233337402,14.899999648332596,1.2670017778873444,True,1,,../data/ds004883_Clayson/sub-2052/ses-2/eeg/sub-2052_ses-2_task-ffb_eeg.set,False
sub-2052,ses-3,ffc,400,355,45,0,37,8,0.009596467018127441,5.83299994468689,1.6670096665620804,True,1,,../data/ds004883_Clayson/sub-2052/ses-3/eeg/sub-2052_ses-3_task-ffc_eeg.set,False
sub-2053,ses-3,ffa,900,883,7,10,7,0,0.009792685508728027,16.56499954533577,2.0000092685222626,True,3,,../data/ds004883_Clayson/sub-2053/ses-3/eeg/sub-2053_ses-3_task-ffa_eeg.set,False
sub-2053,ses-1,ffb,330,313,10,7,7,3,0.009423375129699707,15.300007537007332,1.2670017778873444,True,1,,../data/ds004883_Clayson/sub-2053/ses-1/eeg/sub-2053_ses-1_task-ffb_eeg.set,False
sub-2053,ses-2,ffc,400,393,7,0,7,0,0.009487152099609375,6.23299777507782,1.6669996082782745,True,1,,../data/ds004883_Clayson/sub-2053/ses-2/eeg/sub-2053_ses-2_task-ffc_eeg.set,False
sub-2054,ses-2,ffa,900,825,69,6,61,8,0.009931445121765137,16.38600185930729,1.9840065389871597,True,3,,../data/ds004883_Clayson/sub-2054/ses-2/eeg/sub-2054_ses-2_task-ffa_eeg.set,False
sub-2054,ses-3,ffb,330,304,25,1,19,6,0.00936591625213623,15.167006850242615,1.2670017778873444,True,1,,../data/ds004883_Clayson/sub-2054/ses-3/eeg/sub-2054_ses-3_task-ffb_eeg.set,False
sub-2054,ses-1,ffc,400,343,57,0,46,11,0.00966024398803711,10.500003397464752,1.6669996082782745,True,1,,../data/ds004883_Clayson/sub-2054/ses-1/eeg/sub-2054_ses-1_task-ffc_eeg.set,False
sub-2055,ses-3,ffa,900,820,78,2,72,6,0.009769558906555176,16.58199804496765,1.9840065389871597,True,3,,../data/ds004883_Clayson/sub-2055/ses-3/eeg/sub-2055_ses-3_task-ffa_eeg.set,False
sub-2055,ses-2,ffb,330,257,71,2,27,44,0.009931445121765137,15.24999774992466,1.2670017778873444,True,1,,../data/ds004883_Clayson/sub-2055/ses-2/eeg/sub-2055_ses-2_task-ffb_eeg.set,False
sub-2055,ses-1,ffc,400,351,49,0,33,16,0.009694576263427734,7.616001740098,1.6669996082782745,True,1,,../data/ds004883_Clayson/sub-2055/ses-1/eeg/sub-2055_ses-1_task-ffc_eeg.set,False
sub-2056,ses-2,ffa,900,877,22,1,22,0,0.009769558906555176,16.389999129772185,1.9999992102384567,True,3,,../data/ds004883_Clayson/sub-2056/ses-2/eeg/sub-2056_ses-2_task-ffa_eeg.set,False
sub-2056,ses-1,ffb,330,298,27,5,23,4,0.009792685508728027,15.116997063159943,1.2670017778873444,True,1,,../data/ds004883_Clayson/sub-2056/ses-1/eeg/sub-2056_ses-1_task-ffb_eeg.set,False
sub-2056,ses-3,ffc,400,382,17,1,13,4,0.009192824363708496,7.583000510931015,1.6669996082782745,True,1,,../data/ds004883_Clayson/sub-2056/ses-3/eeg/sub-2056_ses-3_task-ffc_eeg.set,False
sub-2057,ses-1,ffa,900,791,80,29,73,7,0.009302139282226562,12.34800371003151,1.9840065389871597,True,3,,../data/ds004883_Clayson/sub-2057/ses-1/eeg/sub-2057_ses-1_task-ffa_eeg.set,False
sub-2057,ses-3,ffb,330,226,104,0,50,54,0.009267807006835938,13.950004801154137,1.2670017778873444,True,1,,../data/ds004883_Clayson/sub-2057/ses-3/eeg/sub-2057_ses-3_task-ffb_eeg.set,False
sub-2057,ses-2,ffc,400,258,135,7,65,70,0.009815812110900879,5.850008502602577,1.6669996082782745,True,1,,../data/ds004883_Clayson/sub-2057/ses-2/eeg/sub-2057_ses-2_task-ffc_eeg.set,False
sub-2058,ses-2,ffa,900,800,99,1,86,13,0.009804606437683105,16.369000630140306,1.9840065389871597,True,3,,../data/ds004883_Clayson/sub-2058/ses-2/eeg/sub-2058_ses-2_task-ffa_eeg.set,False
sub-2058,ses-3,ffb,330,276,50,4,38,12,0.009683370590209961,13.950004801154137,1.2670017778873444,True,1,,../data/ds004883_Clayson/sub-2058/ses-3/eeg/sub-2058_ses-3_task-ffb_eeg.set,False
sub-2058,ses-1,ffc,400,345,55,0,39,16,0.009487152099609375,7.616001740098,1.6669996082782745,True,1,,../data/ds004883_Clayson/sub-2058/ses-1/eeg/sub-2058_ses-1_task-ffc_eeg.set,False
sub-2059,ses-1,ffa,900,851,44,5,40,4,0.009954571723937988,16.39200185930729,1.9840065389871597,True,3,,../data/ds004883_Clayson/sub-2059/ses-1/eeg/sub-2059_ses-1_task-ffa_eeg.set,False
sub-2059,ses-2,ffb,330,249,75,6,47,28,0.009521484375,14.983000606298447,1.2670017778873444,True,1,,../data/ds004883_Clayson/sub-2059/ses-2/eeg/sub-2059_ses-2_task-ffb_eeg.set,False
sub-2059,ses-3,ffc,400,344,54,2,49,5,0.009856462478637695,5.1500022411346436,1.6670096665620804,True,1,,../data/ds004883_Clayson/sub-2059/ses-3/eeg/sub-2059_ses-3_task-ffc_eeg.set,False
sub-2060,ses-3,ffa,900,849,47,4,36,11,0.009781479835510254,11.631994719028473,1.9840065389871597,True,3,,../data/ds004883_Clayson/sub-2060/ses-3/eeg/sub-2060_ses-3_task-ffa_eeg.set,False
sub-2060,ses-1,ffb,330,300,29,1,25,4,0.009521484375,14.583002775907516,1.2670017778873444,True,1,,../data/ds004883_Clayson/sub-2060/ses-1/eeg/sub-2060_ses-1_task-ffb_eeg.set,False
sub-2060,ses-2,ffc,400,372,28,0,20,8,0.009487152099609375,5.015995725989342,1.6669996082782745,True,1,,../data/ds004883_Clayson/sub-2060/ses-2/eeg/sub-2060_ses-2_task-ffc_eeg.set,False
sub-2061,ses-3,ffa,900,829,65,6,61,4,0.00966024398803711,16.386009188055993,1.9840065389871597,True,3,,../data/ds004883_Clayson/sub-2061/ses-3/eeg/sub-2061_ses-3_task-ffa_eeg.set,False
sub-2061,ses-1,ffb,330,303,26,1,22,4,0.009487152099609375,15.766007825732231,1.2670017778873444,True,1,,../data/ds004883_Clayson/sub-2061/ses-1/eeg/sub-2061_ses-1_task-ffb_eeg.set,False
sub-2061,ses-2,ffc,400,372,28,0,22,6,0.009619593620300293,8.483005687594414,1.6669996082782745,True,1,,../data/ds004883_Clayson/sub-2061/ses-2/eeg/sub-2061_ses-2_task-ffc_eeg.set,False
sub-2062,ses-2,ffa,900,823,77,0,67,10,0.009844541549682617,17.91699193418026,2.0000092685222626,True,1,,../data/ds004883_Clayson/sub-2062/ses-2/eeg/sub-2062_ses-2_task-ffa_eeg.set,True
sub-2062,ses-3,ffb,330,291,39,0,26,13,0.009423375129699707,14.716999232769012,1.2670017778873444,True,1,,../data/ds004883_Clayson/sub-2062/ses-3/eeg/sub-2062_ses-3_task-ffb_eeg.set,False
sub-2062,ses-1,ffc,400,364,35,1,34,1,0.009781479835510254,5.916996672749519,1.6669996082782745,True,1,,../data/ds004883_Clayson/sub-2062/ses-1/eeg/sub-2062_ses-1_task-ffc_eeg.set,False
sub-2063,ses-1,ffa,900,862,26,12,16,10,0.009919524192810059,16.385999129772188,1.9999992102384567,True,3,,../data/ds004883_Clayson/sub-2063/ses-1/eeg/sub-2063_ses-1_task-ffa_eeg.set,False
sub-2063,ses-2,ffb,330,315,11,4,10,1,0.009405851364135742,18.89999806880951,1.2670017778873444,True,1,,../data/ds004883_Clayson/sub-2063/ses-2/eeg/sub-2063_ses-2_task-ffb_eeg.set,False
sub-2063,ses-3,ffc,400,390,8,2,4,4,0.009671449661254883,8.38400200009346,1.6669996082782745,True,1,,../data/ds004883_Clayson/sub-2063/ses-3/eeg/sub-2063_ses-3_task-ffc_eeg.set,False
sub-2064,ses-2,ffa,900,797,103,0,85,18,0.009746432304382324,13.185996370077133,2.0009949803352356,True,3,,../data/ds004883_Clayson/sub-2064/ses-2/eeg/sub-2064_ses-2_task-ffa_eeg.set,False
sub-2064,ses-1,ffb,330,233,95,2,43,52,0.009539008140563965,15.283994749188423,1.2670017778873444,True,1,,../data/ds004883_Clayson/sub-2064/ses-1/eeg/sub-2064_ses-1_task-ffb_eeg.set,False
sub-2064,ses-3,ffc,400,325,72,3,48,24,0.00973522663116455,5.7159919291734695,1.6669996082782745,True,1,,../data/ds004883_Clayson/sub-2064/ses-3/eeg/sub-2064_ses-3_task-ffc_eeg.set,False
sub-2065,ses-1,ffa,900,807,58,35,51,7,0.009717702865600586,16.202998714208604,1.9999992102384567,True,3,,../data/ds004883_Clayson/sub-2065/ses-1/eeg/sub-2065_ses-1_task-ffa_eeg.set,False
sub-2065,ses-3,ffb,330,213,105,12,32,73,0.01002955436706543,14.100003987550735,1.2670017778873444,True,1,,../data/ds004883_Clayson/sub-2065/ses-3/eeg/sub-2065_ses-3_task-ffb_eeg.set,False
sub-2065,ses-2,ffc,400,332,68,0,46,22,0.009833335876464844,6.334003061056137,1.6669996082782745,True,1,,../data/ds004883_Clayson/sub-2065/ses-2/eeg/sub-2065_ses-2_task-ffc_eeg.set,False
sub-2066,ses-3,ffa,900,447,452,1,127,325,0.009619593620300293,12.504998666524887,1.9840065389871597,True,3,,../data/ds004883_Clayson/sub-2066/ses-3/eeg/sub-2066_ses-3_task-ffa_eeg.set,False
sub-2066,ses-2,ffb,330,156,165,9,38,127,0.009464025497436523,14.232994616031647,1.2670017778873444,True,1,,../data/ds004883_Clayson/sub-2066/ses-2/eeg/sub-2066_ses-2_task-ffb_eeg.set,False
sub-2066,ses-1,ffc,400,200,199,1,46,153,0.00957334041595459,6.11700564622879,1.6669996082782745,True,1,,../data/ds004883_Clayson/sub-2066/ses-1/eeg/sub-2066_ses-1_task-ffc_eeg.set,False
sub-2067,ses-1,ffa,900,892,5,3,5,0,0.009856462478637695,15.068997623085975,1.9840065389871597,True,3,,../data/ds004883_Clayson/sub-2067/ses-1/eeg/sub-2067_ses-1_task-ffa_eeg.set,False
sub-2067,ses-3,ffb,330,309,20,1,18,2,0.009931445121765137,14.665993675589561,1.2670017778873444,True,1,,../data/ds004883_Clayson/sub-2067/ses-3/eeg/sub-2067_ses-3_task-ffb_eeg.set,False
sub-2067,ses-2,ffc,400,373,27,0,20,7,0.009856462478637695,6.2499962747097015,1.6669996082782745,True,1,,../data/ds004883_Clayson/sub-2067/ses-2/eeg/sub-2067_ses-2_task-ffc_eeg.set,False
sub-2068,ses-3,ffa,900,738,162,0,138,24,0.009954571723937988,16.3829933013916,2.0000092685222626,True,3,,../data/ds004883_Clayson/sub-2068/ses-3/eeg/sub-2068_ses-3_task-ffa_eeg.set,False
sub-2068,ses-2,ffb,330,269,61,0,47,14,0.009267807006835938,15.098992735147476,1.2670017778873444,True,1,,../data/ds004883_Clayson/sub-2068/ses-2/eeg/sub-2068_ses-2_task-ffb_eeg.set,False
sub-2068,ses-1,ffc,400,363,37,0,27,10,0.009521484375,6.982993707060814,1.6670096665620804,True,0,,../data/ds004883_Clayson/sub-2068/ses-1/eeg/sub-2068_ses-1_task-ffc_eeg.set,True
sub-2069,ses-2,ffa,900,756,144,0,104,40,0.009717702865600586,16.392009188055994,1.9840065389871597,True,3,,../data/ds004883_Clayson/sub-2069/ses-2/eeg/sub-2069_ses-2_task-ffa_eeg.set,False
sub-2069,ses-1,ffb,330,272,53,5,42,11,0.00957334041595459,14.883001148700714,1.2670017778873444,True,1,,../data/ds004883_Clayson/sub-2069/ses-1/eeg/sub-2069_ses-1_task-ffb_eeg.set,False
sub-2069,ses-3,ffc,400,327,73,0,51,22,0.009758353233337402,6.332997232675552,1.6669996082782745,True,1,,../data/ds004883_Clayson/sub-2069/ses-3/eeg/sub-2069_ses-3_task-ffc_eeg.set,False
sub-2070,ses-1,ffa,900,877,22,1,18,4,0.00960838794708252,16.38400185930729,1.9840065389871597,True,3,,../data/ds004883_Clayson/sub-2070/ses-1/eeg/sub-2070_ses-1_task-ffa_eeg.set,False
sub-2070,ses-2,ffb,330,309,20,1,15,5,0.00936591625213623,14.149993658065796,1.2670017778873444,True,1,,../data/ds004883_Clayson/sub-2070/ses-2/eeg/sub-2070_ses-2_task-ffb_eeg.set,False
sub-2070,ses-3,ffc,400,371,28,1,23,5,0.009619593620300293,5.733000487089157,1.6669996082782745,True,1,,../data/ds004883_Clayson/sub-2070/ses-3/eeg/sub-2070_ses-3_task-ffc_eeg.set,False
sub-2071,ses-3,ffa,900,861,39,0,34,5,0.00989079475402832,16.40299762940407,1.9999992102384567,True,3,,../data/ds004883_Clayson/sub-2071/ses-3/eeg/sub-2071_ses-3_task-ffa_eeg.set,False
sub-2071,ses-1,ffb,330,308,22,0,18,4,0.009464025497436523,14.234000444412231,1.2670017778873444,True,1,,../data/ds004883_Clayson/sub-2071/ses-1/eeg/sub-2071_ses-1_task-ffb_eeg.set,False
sub-2071,ses-2,ffc,400,385,15,0,15,0,0.009988903999328613,7.566997781395912,1.6670096665620804,True,1,,../data/ds004883_Clayson/sub-2071/ses-2/eeg/sub-2071_ses-2_task-ffc_eeg.set,False
sub-2072,ses-2,ffa,900,740,155,5,111,44,0.009723305702209473,16.598000774502754,1.9840065389871597,True,3,,../data/ds004883_Clayson/sub-2072/ses-2/eeg/sub-2072_ses-2_task-ffa_eeg.set,False
sub-2072,ses-3,ffb,330,258,71,1,46,25,0.009562134742736816,15.415999665856361,1.2670017778873444,True,1,,../data/ds004883_Clayson/sub-2072/ses-3/eeg/sub-2072_ses-3_task-ffb_eeg.set,False
sub-2072,ses-1,ffc,400,306,94,0,56,38,0.009856462478637695,8.317003771662712,1.6669996082782745,True,1,,../data/ds004883_Clayson/sub-2072/ses-1/eeg/sub-2072_ses-1_task-ffc_eeg.set,False
sub-2073,ses-3,ffa,900,838,57,5,41,16,0.009694576263427734,16.77200428891182,1.9840065389871597,True,3,,../data/ds004883_Clayson/sub-2073/ses-3/eeg/sub-2073_ses-3_task-ffa_eeg.set,False
sub-2073,ses-2,ffb,330,286,39,5,19,20,0.009758353233337402,14.317001402378082,1.2670017778873444,True,1,,../data/ds004883_Clayson/sub-2073/ses-2/eeg/sub-2073_ses-2_task-ffb_eeg.set,False
sub-2073,ses-1,ffc,400,352,47,1,42,5,0.009758353233337402,6.883004307746887,1.6670096665620804,True,1,,../data/ds004883_Clayson/sub-2073/ses-1/eeg/sub-2073_ses-1_task-ffc_eeg.set,False
sub-2074,ses-2,ffa,900,869,31,0,27,4,0.009717702865600586,15.949000070214272,1.9999992102384567,True,3,,../data/ds004883_Clayson/sub-2074/ses-2/eeg/sub-2074_ses-2_task-ffa_eeg.set,False
sub-2074,ses-1,ffb,330,292,36,2,21,15,0.009389042854309082,15.232999250292778,1.2670017778873444,True,1,,../data/ds004883_Clayson/sub-2074/ses-1/eeg/sub-2074_ses-1_task-ffb_eeg.set,False
sub-2074,ses-3,ffc,400,375,25,0,24,1,0.00957334041595459,7.583000510931015,1.6669996082782745,True,1,,../data/ds004883_Clayson/sub-2074/ses-3/eeg/sub-2074_ses-3_task-ffc_eeg.set,False
sub-2075,ses-1,ffa,900,879,21,0,21,0,0.009769558906555176,16.369000630140306,1.9999992102384567,True,3,,../data/ds004883_Clayson/sub-2075/ses-1/eeg/sub-2075_ses-1_task-ffa_eeg.set,False
sub-2075,ses-3,ffb,330,256,70,4,41,29,0.009290933609008789,14.433003589510918,1.2670017778873444,True,1,,../data/ds004883_Clayson/sub-2075/ses-3/eeg/sub-2075_ses-3_task-ffb_eeg.set,False
sub-2075,ses-2,ffc,400,372,28,0,23,5,0.009792685508728027,5.4840076714754105,1.6669996082782745,True,1,,../data/ds004883_Clayson/sub-2075/ses-2/eeg/sub-2075_ses-2_task-ffc_eeg.set,False
sub-2076,ses-2,ffa,900,836,64,0,62,2,0.009988903999328613,16.781996960163116,1.9840065389871597,True,3,,../data/ds004883_Clayson/sub-2076/ses-2/eeg/sub-2076_ses-2_task-ffa_eeg.set,False
sub-2076,ses-3,ffb,330,284,45,1,33,12,0.009054064750671387,14.433003589510918,1.2670017778873444,True,1,,../data/ds004883_Clayson/sub-2076/ses-3/eeg/sub-2076_ses-3_task-ffb_eeg.set,False
sub-2076,ses-1,ffc,400,329,71,0,61,10,0.009931445121765137,6.016996130347252,1.6670096665620804,True,1,,../data/ds004883_Clayson/sub-2076/ses-1/eeg/sub-2076_ses-1_task-ffc_eeg.set,False
sub-2077,ses-1,ffa,900,734,124,42,80,44,0.00955653190612793,16.371999129772185,1.9840065389871597,True,3,,../data/ds004883_Clayson/sub-2077/ses-1/eeg/sub-2077_ses-1_task-ffa_eeg.set,False
sub-2077,ses-2,ffb,330,219,89,22,24,65,0.009746432304382324,14.883996918797493,1.284000277519226,True,1,,../data/ds004883_Clayson/sub-2077/ses-2/eeg/sub-2077_ses-2_task-ffb_eeg.set,False
sub-2077,ses-3,ffc,400,345,40,15,25,15,0.009487152099609375,5.117001011967659,1.6670096665620804,True,0,,../data/ds004883_Clayson/sub-2077/ses-3/eeg/sub-2077_ses-3_task-ffc_eeg.set,True
sub-2078,ses-3,ffa,900,731,160,9,114,46,0.009833335876464844,16.55299954533577,1.9999992102384567,True,3,,../data/ds004883_Clayson/sub-2078/ses-3/eeg/sub-2078_ses-3_task-ffa_eeg.set,False
sub-2078,ses-1,ffb,330,244,76,10,48,28,0.009717702865600586,14.299992844462395,1.2670017778873444,True,1,,../data/ds004883_Clayson/sub-2078/ses-1/eeg/sub-2078_ses-1_task-ffb_eeg.set,False
sub-2078,ses-2,ffc,400,328,68,4,47,21,0.009389042854309082,5.899998173117638,1.6669996082782745,True,1,,../data/ds004883_Clayson/sub-2078/ses-2/eeg/sub-2078_ses-2_task-ffc_eeg.set,False
sub-2079,ses-3,ffa,900,835,63,2,55,8,0.009844541549682617,16.38400918805599,1.9990034401416779,True,3,,../data/ds004883_Clayson/sub-2079/ses-3/eeg/sub-2079_ses-3_task-ffa_eeg.set,False
sub-2079,ses-1,ffb,330,284,43,3,29,14,0.009954571723937988,14.58299271762371,1.2670017778873444,True,1,,../data/ds004883_Clayson/sub-2079/ses-1/eeg/sub-2079_ses-1_task-ffb_eeg.set,False
sub-2079,ses-2,ffc,400,356,43,1,34,9,0.009215950965881348,7.166999951004982,1.6669996082782745,True,1,,../data/ds004883_Clayson/sub-2079/ses-2/eeg/sub-2079_ses-2_task-ffc_eeg.set,False
sub-2080,ses-2,ffa,900,860,36,4,30,6,0.010040760040283203,16.770007018446922,1.9840065389871597,True,3,,../data/ds004883_Clayson/sub-2080/ses-2/eeg/sub-2080_ses-2_task-ffa_eeg.set,False
sub-2080,ses-3,ffb,330,289,40,1,26,14,0.009094715118408203,14.699004963040352,1.2670017778873444,True,1,,../data/ds004883_Clayson/sub-2080/ses-3/eeg/sub-2080_ses-3_task-ffb_eeg.set,False
sub-2080,ses-1,ffc,400,359,41,0,36,5,0.009671449661254883,6.867001578211784,1.6669996082782745,True,1,,../data/ds004883_Clayson/sub-2080/ses-1/eeg/sub-2080_ses-1_task-ffc_eeg.set,False
sub-2081,ses-1,ffa,900,826,70,4,58,12,0.009758353233337402,16.212002944111823,1.9840065389871597,True,3,,../data/ds004883_Clayson/sub-2081/ses-1/eeg/sub-2081_ses-1_task-ffa_eeg.set,False
sub-2081,ses-2,ffb,330,243,76,11,38,38,0.009227156639099121,15.48299789428711,1.2659959495067596,True,1,,../data/ds004883_Clayson/sub-2081/ses-2/eeg/sub-2081_ses-2_task-ffb_eeg.set,False
sub-2081,ses-3,ffc,400,320,76,4,48,28,0.00966024398803711,5.499004572629929,1.6669996082782745,True,1,,../data/ds004883_Clayson/sub-2081/ses-3/eeg/sub-2081_ses-3_task-ffc_eeg.set,False
sub-2082,ses-2,ffa,900,809,88,3,77,11,0.009792685508728027,16.385999129772188,2.0330004394054413,True,3,,../data/ds004883_Clayson/sub-2082/ses-2/eeg/sub-2082_ses-2_task-ffa_eeg.set,False
sub-2082,ses-1,ffb,330,280,46,4,28,18,0.009931445121765137,14.532992988824844,1.2670017778873444,True,1,,../data/ds004883_Clayson/sub-2082/ses-1/eeg/sub-2082_ses-1_task-ffb_eeg.set,False
sub-2083,ses-1,ffa,900,875,25,0,25,0,0.009792685508728027,16.58399804496765,1.9840065389871597,True,3,,../data/ds004883_Clayson/sub-2083/ses-1/eeg/sub-2083_ses-1_task-ffa_eeg.set,False
sub-2083,ses-3,ffb,330,274,56,0,38,18,0.009758353233337402,14.766998961567879,1.2670017778873444,True,1,,../data/ds004883_Clayson/sub-2083/ses-3/eeg/sub-2083_ses-3_task-ffb_eeg.set,False
sub-2083,ses-2,ffc,400,357,43,0,35,8,0.009758353233337402,7.083998993039131,1.6670096665620804,True,1,,../data/ds004883_Clayson/sub-2083/ses-2/eeg/sub-2083_ses-2_task-ffc_eeg.set,False
sub-2084,ses-3,ffa,900,816,84,0,69,15,0.009619593620300293,12.83199826848507,1.9840065389871597,True,3,,../data/ds004883_Clayson/sub-2084/ses-3/eeg/sub-2084_ses-3_task-ffa_eeg.set,False
sub-2084,ses-2,ffb,330,295,35,0,31,4,0.00926220417022705,14.299007132649422,1.2670017778873444,True,1,,../data/ds004883_Clayson/sub-2084/ses-2/eeg/sub-2084_ses-2_task-ffb_eeg.set,False
sub-2084,ses-1,ffc,400,365,34,1,27,7,0.009723305702209473,5.633001029491425,1.6669996082782745,True,1,,../data/ds004883_Clayson/sub-2084/ses-1/eeg/sub-2084_ses-1_task-ffc_eeg.set,False
sub-2085,ses-1,ffa,900,851,49,0,43,6,0.00966024398803711,16.383003359675406,1.9840065389871597,True,3,,../data/ds004883_Clayson/sub-2085/ses-1/eeg/sub-2085_ses-1_task-ffa_eeg.set,False
sub-2085,ses-3,ffb,330,286,41,3,28,13,0.00930774211883545,14.250003173947334,1.2670017778873444,True,1,,../data/ds004883_Clayson/sub-2085/ses-3/eeg/sub-2085_ses-3_task-ffb_eeg.set,False
sub-2085,ses-2,ffc,400,347,53,0,32,21,0.009758353233337402,7.666997238993645,1.6669996082782745,True,1,,../data/ds004883_Clayson/sub-2085/ses-2/eeg/sub-2085_ses-2_task-ffc_eeg.set,False
sub-2086,ses-3,ffa,900,782,95,23,46,49,0.00967705249786377,12.444998937726021,1.9840065389871597,True,3,,../data/ds004883_Clayson/sub-2086/ses-3/eeg/sub-2086_ses-3_task-ffa_eeg.set,False
sub-2086,ses-2,ffb,330,250,71,9,42,29,0.009833335876464844,14.115996658802032,1.2670017778873444,True,1,,../data/ds004883_Clayson/sub-2086/ses-2/eeg/sub-2086_ses-2_task-ffb_eeg.set,False
sub-2086,ses-1,ffc,400,363,35,2,25,10,0.009752035140991211,5.734006315469742,1.6670096665620804,True,1,,../data/ds004883_Clayson/sub-2086/ses-1/eeg/sub-2086_ses-1_task-ffc_eeg.set,False
sub-2087,ses-1,ffb,330,298,30,2,22,8,0.009954571723937988,15.399996936321259,1.2670017778873444,True,1,,../data/ds004883_Clayson/sub-2087/ses-1/eeg/sub-2087_ses-1_task-ffb_eeg.set,False
sub-2087,ses-3,ffc,400,378,22,0,19,3,0.009475231170654297,5.400000885128975,1.6669996082782745,True,1,,../data/ds004883_Clayson/sub-2087/ses-3/eeg/sub-2087_ses-3_task-ffc_eeg.set,False
sub-2088,ses-1,ffa,900,492,404,4,113,291,0.009746432304382324,14.042001817941665,2.0000092685222626,True,3,,../data/ds004883_Clayson/sub-2088/ses-1/eeg/sub-2088_ses-1_task-ffa_eeg.set,False
sub-2088,ses-2,ffb,330,225,91,14,35,56,0.00966024398803711,14.4500020891428,1.2670017778873444,True,1,,../data/ds004883_Clayson/sub-2088/ses-2/eeg/sub-2088_ses-2_task-ffb_eeg.set,False
sub-2088,ses-3,ffc,400,301,92,7,41,51,0.009498357772827148,5.333998426795006,1.6669996082782745,True,1,,../data/ds004883_Clayson/sub-2088/ses-3/eeg/sub-2088_ses-3_task-ffc_eeg.set,False
sub-2089,ses-3,ffa,900,839,40,21,39,1,0.009844541549682617,16.398997629404068,2.0000092685222626,True,3,,../data/ds004883_Clayson/sub-2089/ses-3/eeg/sub-2089_ses-3_task-ffa_eeg.set,False
sub-2089,ses-1,ffb,330,317,12,1,11,1,0.009867668151855469,15.033000335097313,1.2670017778873444,True,1,,../data/ds004883_Clayson/sub-2089/ses-1/eeg/sub-2089_ses-1_task-ffb_eeg.set,False
sub-2089,ses-2,ffc,400,380,17,3,15,2,0.009596467018127441,5.316999927163124,1.6669996082782745,True,1,,../data/ds004883_Clayson/sub-2089/ses-2/eeg/sub-2089_ses-2_task-ffc_eeg.set,False
sub-2090,ses-2,ffa,900,755,143,2,92,51,0.009833335876464844,16.58199804496765,1.9999992102384567,True,3,,../data/ds004883_Clayson/sub-2090/ses-2/eeg/sub-2090_ses-2_task-ffa_eeg.set,False
sub-2090,ses-3,ffb,330,254,74,2,46,28,0.009815812110900879,14.883001148700714,1.2670017778873444,True,1,,../data/ds004883_Clayson/sub-2090/ses-3/eeg/sub-2090_ses-3_task-ffb_eeg.set,False
sub-2090,ses-1,ffc,400,333,65,2,34,31,0.009498357772827148,9.699997678399086,1.6670096665620804,True,1,,../data/ds004883_Clayson/sub-2090/ses-1/eeg/sub-2090_ses-1_task-ffc_eeg.set,False
sub-2091,ses-3,ffa,900,805,95,0,72,23,0.009619593620300293,16.389991801023484,1.9840065389871597,True,3,,../data/ds004883_Clayson/sub-2091/ses-3/eeg/sub-2091_ses-3_task-ffa_eeg.set,False
sub-2091,ses-2,ffb,330,231,96,3,40,56,0.009250283241271973,14.683002233505249,1.2670017778873444,True,1,,../data/ds004883_Clayson/sub-2091/ses-2/eeg/sub-2091_ses-2_task-ffb_eeg.set,False
sub-2091,ses-1,ffc,400,233,163,4,42,121,0.009596467018127441,12.049994990229607,1.6669996082782745,True,1,,../data/ds004883_Clayson/sub-2091/ses-1/eeg/sub-2091_ses-1_task-ffc_eeg.set,False
sub-2092,ses-2,ffa,900,742,147,11,60,87,0.009988903999328613,16.392997629404068,1.9999992102384567,True,3,,../data/ds004883_Clayson/sub-2092/ses-2/eeg/sub-2092_ses-2_task-ffa_eeg.set,False
sub-2092,ses-1,ffb,330,266,57,7,35,22,0.00960838794708252,15.73299653828144,1.2830045074224472,True,1,,../data/ds004883_Clayson/sub-2092/ses-1/eeg/sub-2092_ses-1_task-ffb_eeg.set,False
sub-2092,ses-3,ffc,400,322,75,3,51,24,0.009856462478637695,6.066995859146118,1.6670096665620804,True,1,,../data/ds004883_Clayson/sub-2092/ses-3/eeg/sub-2092_ses-3_task-ffc_eeg.set,False
sub-2093,ses-1,ffa,900,836,58,6,41,17,0.009498357772827148,16.419000358939172,1.9840065389871597,True,3,,../data/ds004883_Clayson/sub-2093/ses-1/eeg/sub-2093_ses-1_task-ffa_eeg.set,False
sub-2093,ses-3,ffb,330,250,78,2,48,30,0.009423375129699707,14.567000046372414,1.2670017778873444,True,1,,../data/ds004883_Clayson/sub-2093/ses-3/eeg/sub-2093_ses-3_task-ffb_eeg.set,False
sub-2093,ses-2,ffc,400,311,88,1,53,35,0.009562134742736816,7.248995080590248,1.6669996082782745,True,1,,../data/ds004883_Clayson/sub-2093/ses-2/eeg/sub-2093_ses-2_task-ffc_eeg.set,False
sub-2095,ses-1,ffa,900,838,59,3,55,4,0.009815812110900879,16.783996960163115,1.9999992102384567,True,3,,../data/ds004883_Clayson/sub-2095/ses-1/eeg/sub-2095_ses-1_task-ffa_eeg.set,False
sub-2095,ses-2,ffb,330,288,41,1,32,9,0.009792685508728027,14.467000588774681,1.2670017778873444,True,1,,../data/ds004883_Clayson/sub-2095/ses-2/eeg/sub-2095_ses-2_task-ffb_eeg.set,False
sub-2095,ses-3,ffc,400,348,50,2,39,11,0.009694576263427734,4.916992038488388,1.6669996082782745,True,1,,../data/ds004883_Clayson/sub-2095/ses-3/eeg/sub-2095_ses-3_task-ffc_eeg.set,False
sub-2096,ses-3,ffa,900,818,82,0,78,4,0.009746432304382324,16.57000377523899,1.9999992102384567,True,3,,../data/ds004883_Clayson/sub-2096/ses-3/eeg/sub-2096_ses-3_task-ffa_eeg.set,False
sub-2096,ses-1,ffb,330,287,40,3,29,11,0.009596467018127441,16.600000485777855,1.2670017778873444,True,1,,../data/ds004883_Clayson/sub-2096/ses-1/eeg/sub-2096_ses-1_task-ffb_eeg.set,False
sub-2096,ses-2,ffc,400,359,41,0,33,8,0.009781479835510254,6.284003332257271,1.6669996082782745,True,1,,../data/ds004883_Clayson/sub-2096/ses-2/eeg/sub-2096_ses-2_task-ffc_eeg.set,False
sub-2097,ses-3,ffa,900,810,85,5,70,15,0.009435296058654785,16.56399531543255,1.9840065389871597,True,3,,../data/ds004883_Clayson/sub-2097/ses-3/eeg/sub-2097_ses-3_task-ffa_eeg.set,False
sub-2097,ses-1,ffb,330,291,38,1,32,6,0.009781479835510254,15.284004807472229,1.2670017778873444,True,1,,../data/ds004883_Clayson/sub-2097/ses-1/eeg/sub-2097_ses-1_task-ffb_eeg.set,False
sub-2097,ses-2,ffc,400,358,42,0,33,9,0.009792685508728027,7.433997094631195,1.6669996082782745,True,1,,../data/ds004883_Clayson/sub-2097/ses-2/eeg/sub-2097_ses-2_task-ffc_eeg.set,False
sub-2098,ses-2,ffa,900,779,115,6,88,27,0.009758353233337402,16.369996400237085,1.9840065389871597,True,3,,../data/ds004883_Clayson/sub-2098/ses-2/eeg/sub-2098_ses-2_task-ffa_eeg.set,False
sub-2098,ses-3,ffb,330,284,44,2,36,8,0.009758353233337402,14.53300304710865,1.2670017778873444,True,1,,../data/ds004883_Clayson/sub-2098/ses-3/eeg/sub-2098_ses-3_task-ffb_eeg.set,False
sub-2098,ses-1,ffc,400,352,46,2,31,15,0.009562134742736816,4.8169925808906555,1.6670096665620804,True,1,,../data/ds004883_Clayson/sub-2098/ses-1/eeg/sub-2098_ses-1_task-ffc_eeg.set,False
sub-2099,ses-1,ffa,900,858,42,0,38,4,0.009965777397155762,16.388001859307288,1.9840065389871597,True,3,,../data/ds004883_Clayson/sub-2099/ses-1/eeg/sub-2099_ses-1_task-ffa_eeg.set,False
sub-2099,ses-2,ffb,330,284,46,0,38,8,0.00936591625213623,14.583002775907516,1.2670017778873444,True,1,,../data/ds004883_Clayson/sub-2099/ses-2/eeg/sub-2099_ses-2_task-ffb_eeg.set,False
sub-2099,ses-3,ffc,400,341,58,1,38,20,0.009619593620300293,7.166999951004982,1.6669996082782745,True,1,,../data/ds004883_Clayson/sub-2099/ses-3/eeg/sub-2099_ses-3_task-ffc_eeg.set,False
sub-2100,ses-2,ffa,900,869,30,1,28,2,0.009533405303955078,14.133991217255593,1.9840065389871597,True,3,,../data/ds004883_Clayson/sub-2100/ses-2/eeg/sub-2100_ses-2_task-ffa_eeg.set,False
sub-2100,ses-1,ffb,330,286,34,10,22,12,0.009596467018127441,18.866001069545746,1.2670017778873444,True,1,,../data/ds004883_Clayson/sub-2100/ses-1/eeg/sub-2100_ses-1_task-ffb_eeg.set,False
sub-2100,ses-3,ffc,400,380,18,2,17,1,0.009510278701782227,6.1829980462789536,1.6669996082782745,True,1,,../data/ds004883_Clayson/sub-2100/ses-3/eeg/sub-2100_ses-3_task-ffc_eeg.set,False
sub-2101,ses-1,ffa,900,881,19,0,19,0,0.009498357772827148,16.401999129772186,1.9840065389871597,True,3,,../data/ds004883_Clayson/sub-2101/ses-1/eeg/sub-2101_ses-1_task-ffa_eeg.set,False
sub-2101,ses-3,ffb,330,277,52,1,35,17,0.009758353233337402,14.467000588774681,1.2670017778873444,True,1,,../data/ds004883_Clayson/sub-2101/ses-3/eeg/sub-2101_ses-3_task-ffb_eeg.set,False
sub-2101,ses-2,ffc,400,371,29,0,25,4,0.009423375129699707,17.332997918128967,1.6669996082782745,True,1,,../data/ds004883_Clayson/sub-2101/ses-2/eeg/sub-2101_ses-2_task-ffc_eeg.set,False
sub-2102,ses-3,ffa,900,845,51,4,43,8,0.009729623794555664,16.585998044967653,1.9840065389871597,True,3,,../data/ds004883_Clayson/sub-2102/ses-3/eeg/sub-2102_ses-3_task-ffa_eeg.set,False
sub-2102,ses-2,ffb,330,277,52,1,37,15,0.009694576263427734,14.432993531227112,1.2670017778873444,True,1,,../data/ds004883_Clayson/sub-2102/ses-2/eeg/sub-2102_ses-2_task-ffb_eeg.set,False
sub-2102,ses-1,ffc,400,337,61,2,34,27,0.009856462478637695,6.2499962747097015,1.6669996082782745,True,1,,../data/ds004883_Clayson/sub-2102/ses-1/eeg/sub-2102_ses-1_task-ffc_eeg.set,False
sub-2103,ses-1,ffa,900,787,110,3,98,12,0.00989079475402832,16.592000774502754,1.9840065389871597,True,3,,../data/ds004883_Clayson/sub-2103/ses-1/eeg/sub-2103_ses-1_task-ffa_eeg.set,False
sub-2103,ses-3,ffb,330,213,110,7,38,72,0.00957334041595459,14.500001817941666,1.2670017778873444,True,1,,../data/ds004883_Clayson/sub-2103/ses-3/eeg/sub-2103_ses-3_task-ffb_eeg.set,False
sub-2103,ses-2,ffc,400,266,119,15,61,58,0.00973522663116455,4.899993538856506,1.6669996082782745,True,1,,../data/ds004883_Clayson/sub-2103/ses-2/eeg/sub-2103_ses-2_task-ffc_eeg.set,False
sub-2104,ses-3,ffa,900,856,39,5,36,3,0.009804606437683105,16.392997629404068,1.9840065389871597,True,3,,../data/ds004883_Clayson/sub-2104/ses-3/eeg/sub-2104_ses-3_task-ffa_eeg.set,False
sub-2104,ses-2,ffb,330,307,19,4,15,4,0.009965777397155762,14.265995845198631,1.2669917196035385,True,1,,../data/ds004883_Clayson/sub-2104/ses-2/eeg/sub-2104_ses-2_task-ffb_eeg.set,False
sub-2104,ses-1,ffc,400,366,34,0,29,5,0.00966024398803711,6.683005392551422,1.6669996082782745,True,1,,../data/ds004883_Clayson/sub-2104/ses-1/eeg/sub-2104_ses-1_task-ffc_eeg.set,False
sub-2105,ses-2,ffa,900,854,44,2,44,0,0.009804606437683105,15.636003197789192,1.9840065389871597,True,3,,../data/ds004883_Clayson/sub-2105/ses-2/eeg/sub-2105_ses-2_task-ffa_eeg.set,False
sub-2105,ses-1,ffb,330,170,158,2,30,128,0.00915217399597168,14.899999648332596,1.2670017778873444,True,1,,../data/ds004883_Clayson/sub-2105/ses-1/eeg/sub-2105_ses-1_task-ffb_eeg.set,False
sub-2105,ses-3,ffc,400,383,17,0,16,1,0.009792685508728027,5.034000054001808,1.6669996082782745,True,1,,../data/ds004883_Clayson/sub-2105/ses-3/eeg/sub-2105_ses-3_task-ffc_eeg.set,False
sub-2106,ses-1,ffa,900,820,80,0,73,7,0.009792685508728027,16.577009603619576,1.9840065389871597,True,3,,../data/ds004883_Clayson/sub-2106/ses-1/eeg/sub-2106_ses-1_task-ffa_eeg.set,False
sub-2106,ses-2,ffb,330,264,66,0,35,31,0.00915217399597168,16.766002401709557,1.2670017778873444,True,1,,../data/ds004883_Clayson/sub-2106/ses-2/eeg/sub-2106_ses-2_task-ffb_eeg.set,False
sub-2106,ses-3,ffc,400,339,61,0,43,18,0.009596467018127441,7.699998468160629,1.6669996082782745,True,1,,../data/ds004883_Clayson/sub-2106/ses-3/eeg/sub-2106_ses-3_task-ffc_eeg.set,False
sub-2107,ses-3,ffa,900,872,25,3,21,4,0.00960838794708252,12.623999353289603,1.9999992102384567,True,3,,../data/ds004883_Clayson/sub-2107/ses-3/eeg/sub-2107_ses-3_task-ffa_eeg.set,False
sub-2107,ses-1,ffb,330,318,8,4,6,2,0.009498357772827148,14.61699977517128,1.2670017778873444,True,1,,../data/ds004883_Clayson/sub-2107/ses-1/eeg/sub-2107_ses-1_task-ffb_eeg.set,False
sub-2107,ses-2,ffc,400,383,17,0,14,3,0.00901341438293457,5.2170004695653915,1.6670096665620804,True,1,,../data/ds004883_Clayson/sub-2107/ses-2/eeg/sub-2107_ses-2_task-ffc_eeg.set,False
sub-2108,ses-2,ffa,900,829,70,1,55,15,0.00966024398803711,16.57199804496765,1.9999992102384567,True,3,,../data/ds004883_Clayson/sub-2108/ses-2/eeg/sub-2108_ses-2_task-ffa_eeg.set,False
sub-2108,ses-3,ffb,330,273,56,1,31,25,0.009758353233337402,14.633998274803162,1.2670017778873444,True,1,,../data/ds004883_Clayson/sub-2108/ses-3/eeg/sub-2108_ses-3_task-ffb_eeg.set,False
sub-2108,ses-1,ffc,400,313,86,1,44,42,0.009815812110900879,10.750002041459084,1.6669996082782745,True,1,,../data/ds004883_Clayson/sub-2108/ses-1/eeg/sub-2108_ses-1_task-ffc_eeg.set,False
sub-2109,ses-3,ffa,900,800,100,0,87,13,0.009833335876464844,13.724000715613364,1.9999992102384567,True,3,,../data/ds004883_Clayson/sub-2109/ses-3/eeg/sub-2109_ses-3_task-ffa_eeg.set,False
sub-2109,ses-2,ffb,330,296,34,0,28,6,0.009325265884399414,15.166996791958809,1.2670017778873444,True,1,,../data/ds004883_Clayson/sub-2109/ses-2/eeg/sub-2109_ses-2_task-ffb_eeg.set,False
sub-2109,ses-1,ffc,400,352,48,0,40,8,0.009867668151855469,5.333002656698227,1.6670096665620804,True,1,,../data/ds004883_Clayson/sub-2109/ses-1/eeg/sub-2109_ses-1_task-ffc_eeg.set,False
sub-2110,ses-2,ffa,900,870,29,1,29,0,0.00960838794708252,16.38500335967541,1.9840065389871597,True,3,,../data/ds004883_Clayson/sub-2110/ses-2/eeg/sub-2110_ses-2_task-ffa_eeg.set,False
sub-2110,ses-3,ffc,400,390,10,0,10,0,0.00989079475402832,8.065999299287796,1.6669996082782745,True,1,,../data/ds004883_Clayson/sub-2110/ses-3/eeg/sub-2110_ses-3_task-ffc_eeg.set,False
sub-2111,ses-1,ffa,900,848,44,8,40,4,0.009867668151855469,16.381999129772186,1.9840065389871597,True,3,,../data/ds004883_Clayson/sub-2111/ses-1/eeg/sub-2111_ses-1_task-ffa_eeg.set,False
sub-2111,ses-3,ffb,330,266,63,1,48,15,0.009833335876464844,14.3000029027462,1.2670017778873444,True,1,,../data/ds004883_Clayson/sub-2111/ses-3/eeg/sub-2111_ses-3_task-ffb_eeg.set,False
sub-2111,ses-2,ffc,400,349,51,0,38,13,0.009562134742736816,5.616002529859543,1.6669996082782745,True,1,,../data/ds004883_Clayson/sub-2111/ses-2/eeg/sub-2111_ses-2_task-ffc_eeg.set,False
sub-2112,ses-2,ffa,900,804,94,2,80,14,0.009833335876464844,13.183000599980355,2.0000092685222626,True,3,,../data/ds004883_Clayson/sub-2112/ses-2/eeg/sub-2112_ses-2_task-ffa_eeg.set,False
sub-2112,ses-3,ffb,330,275,53,2,34,19,0.009792685508728027,14.317001402378082,1.2670017778873444,True,1,,../data/ds004883_Clayson/sub-2112/ses-3/eeg/sub-2112_ses-3_task-ffb_eeg.set,False
sub-2112,ses-1,ffc,400,306,89,5,48,41,0.009487152099609375,8.249995484948158,1.6669996082782745,True,1,,../data/ds004883_Clayson/sub-2112/ses-1/eeg/sub-2112_ses-1_task-ffc_eeg.set,False
sub-2113,ses-1,ffa,900,881,19,0,17,2,0.009602785110473633,16.58600810325146,2.0010050386190414,True,3,,../data/ds004883_Clayson/sub-2113/ses-1/eeg/sub-2113_ses-1_task-ffa_eeg.set,False
sub-2113,ses-2,ffb,330,315,13,2,11,2,0.009965777397155762,14.649990946054459,1.2670017778873444,True,1,,../data/ds004883_Clayson/sub-2113/ses-2/eeg/sub-2113_ses-2_task-ffb_eeg.set,False
sub-2113,ses-3,ffc,400,394,6,0,5,1,0.009585261344909668,9.633995220065117,1.6669996082782745,True,1,,../data/ds004883_Clayson/sub-2113/ses-3/eeg/sub-2113_ses-3_task-ffc_eeg.set,False
sub-2114,ses-3,ffa,900,789,110,1,88,22,0.009867668151855469,14.117002775907517,1.9999992102384567,True,3,,../data/ds004883_Clayson/sub-2114/ses-3/eeg/sub-2114_ses-3_task-ffa_eeg.set,False
sub-2114,ses-1,ffb,330,257,72,1,40,32,0.009637117385864258,14.833001419901848,1.2669917196035385,True,1,,../data/ds004883_Clayson/sub-2114/ses-1/eeg/sub-2114_ses-1_task-ffb_eeg.set,False
sub-2114,ses-2,ffc,400,289,94,17,36,58,0.009717702865600586,6.4659979194402695,1.6670096665620804,True,1,,../data/ds004883_Clayson/sub-2114/ses-2/eeg/sub-2114_ses-2_task-ffc_eeg.set,False
sub-2115,ses-3,ffa,900,826,74,0,66,8,0.009902715682983398,16.40299762940407,1.9840065389871597,True,3,,../data/ds004883_Clayson/sub-2115/ses-3/eeg/sub-2115_ses-3_task-ffa_eeg.set,False
sub-2115,ses-1,ffb,330,270,58,2,40,18,0.009717702865600586,15.167006850242615,1.2670017778873444,True,1,,../data/ds004883_Clayson/sub-2115/ses-1/eeg/sub-2115_ses-1_task-ffb_eeg.set,False
sub-2115,ses-2,ffc,400,345,52,3,45,7,0.009498357772827148,5.4330021142959595,1.6669996082782745,True,1,,../data/ds004883_Clayson/sub-2115/ses-2/eeg/sub-2115_ses-2_task-ffc_eeg.set,False
sub-2116,ses-2,ffa,900,863,35,2,33,2,0.00989079475402832,16.797005518078805,1.9999992102384567,True,3,,../data/ds004883_Clayson/sub-2116/ses-2/eeg/sub-2116_ses-2_task-ffa_eeg.set,False
sub-2116,ses-3,ffb,330,299,31,0,24,7,0.009585261344909668,14.150003716349602,1.2670017778873444,True,1,,../data/ds004883_Clayson/sub-2116/ses-3/eeg/sub-2116_ses-3_task-ffb_eeg.set,False
sub-2116,ses-1,ffc,400,364,35,1,31,4,0.00989079475402832,6.282997503876686,1.6669996082782745,True,1,,../data/ds004883_Clayson/sub-2116/ses-1/eeg/sub-2116_ses-1_task-ffc_eeg.set,False
sub-2117,ses-1,ffa,900,836,59,5,57,2,0.009792685508728027,16.369003359675407,2.0000092685222626,True,3,,../data/ds004883_Clayson/sub-2117/ses-1/eeg/sub-2117_ses-1_task-ffa_eeg.set,False
sub-2117,ses-2,ffb,330,276,52,2,31,21,0.009792685508728027,18.91699656844139,1.2670017778873444,True,1,,../data/ds004883_Clayson/sub-2117/ses-2/eeg/sub-2117_ses-2_task-ffb_eeg.set,False
sub-2117,ses-3,ffc,400,342,58,0,44,14,0.009792685508728027,11.533009260892868,1.6669996082782745,True,1,,../data/ds004883_Clayson/sub-2117/ses-3/eeg/sub-2117_ses-3_task-ffc_eeg.set,False
sub-2118,ses-2,ffa,900,806,74,20,64,10,0.009562134742736816,16.40300035893917,1.9999992102384567,True,3,,../data/ds004883_Clayson/sub-2118/ses-2/eeg/sub-2118_ses-2_task-ffa_eeg.set,False
sub-2118,ses-1,ffb,330,291,36,3,22,14,0.009544610977172852,14.866998419165611,1.2670017778873444,True,1,,../data/ds004883_Clayson/sub-2118/ses-1/eeg/sub-2118_ses-1_task-ffb_eeg.set,False
sub-2118,ses-3,ffc,400,355,45,0,36,9,0.00936591625213623,7.932998612523079,1.6670096665620804,True,1,,../data/ds004883_Clayson/sub-2118/ses-3/eeg/sub-2118_ses-3_task-ffc_eeg.set,False
sub-2119,ses-1,ffa,900,806,91,3,76,15,0.009758353233337402,16.615006602883337,1.9999992102384567,True,3,,../data/ds004883_Clayson/sub-2119/ses-1/eeg/sub-2119_ses-1_task-ffa_eeg.set,False
sub-2119,ses-3,ffb,330,275,53,2,32,21,0.009389042854309082,15.217006579041481,1.2670017778873444,True,1,,../data/ds004883_Clayson/sub-2119/ses-3/eeg/sub-2119_ses-3_task-ffb_eeg.set,False
sub-2119,ses-2,ffc,400,337,63,0,38,25,0.009694576263427734,5.783000215888023,1.6669996082782745,True,1,,../data/ds004883_Clayson/sub-2119/ses-2/eeg/sub-2119_ses-2_task-ffc_eeg.set,False
sub-2120,ses-3,ffa,900,726,174,0,127,47,0.009619593620300293,12.213994465351105,1.9840065389871597,True,3,,../data/ds004883_Clayson/sub-2120/ses-3/eeg/sub-2120_ses-3_task-ffa_eeg.set,False
sub-2120,ses-2,ffb,330,248,79,3,46,33,0.009423375129699707,14.599991217255592,1.2670017778873444,True,1,,../data/ds004883_Clayson/sub-2120/ses-2/eeg/sub-2120_ses-2_task-ffb_eeg.set,False
sub-2120,ses-1,ffc,400,362,38,0,34,4,0.009389042854309082,7.38300159573555,1.6670096665620804,True,1,,../data/ds004883_Clayson/sub-2120/ses-1/eeg/sub-2120_ses-1_task-ffc_eeg.set,False
sub-2121,ses-1,ffa,900,857,41,2,39,2,0.009412169456481934,16.58199804496765,1.9999992102384567,True,3,,../data/ds004883_Clayson/sub-2121/ses-1/eeg/sub-2121_ses-1_task-ffa_eeg.set,False
sub-2121,ses-3,ffb,330,245,81,4,41,40,0.00973522663116455,16.63300171494484,1.2670017778873444,True,1,,../data/ds004883_Clayson/sub-2121/ses-3/eeg/sub-2121_ses-3_task-ffb_eeg.set,False
sub-2121,ses-2,ffc,400,346,54,0,34,20,0.00973522663116455,14.84999991953373,1.6669996082782745,True,1,,../data/ds004883_Clayson/sub-2121/ses-2/eeg/sub-2121_ses-2_task-ffc_eeg.set,False
sub-2122,ses-3,ffa,900,850,50,0,48,2,0.00989079475402832,16.37800918805599,1.9999992102384567,True,3,,../data/ds004883_Clayson/sub-2122/ses-3/eeg/sub-2122_ses-3_task-ffa_eeg.set,False
sub-2122,ses-2,ffb,330,296,32,2,31,1,0.009717702865600586,15.24999774992466,1.2670017778873444,True,1,,../data/ds004883_Clayson/sub-2122/ses-2/eeg/sub-2122_ses-2_task-ffb_eeg.set,False
sub-2122,ses-1,ffc,400,363,37,0,34,3,0.009267807006835938,6.599008664488792,1.6669996082782745,True,1,,../data/ds004883_Clayson/sub-2122/ses-1/eeg/sub-2122_ses-1_task-ffc_eeg.set,False
sub-2123,ses-2,ffa,900,767,132,1,117,15,0.009683370590209961,16.78500119006634,1.9840065389871597,True,3,,../data/ds004883_Clayson/sub-2123/ses-2/eeg/sub-2123_ses-2_task-ffa_eeg.set,False
sub-2123,ses-1,ffb,330,276,54,0,42,12,0.009879589080810547,14.466004818677902,1.2670017778873444,True,1,,../data/ds004883_Clayson/sub-2123/ses-1/eeg/sub-2123_ses-1_task-ffb_eeg.set,False
sub-2123,ses-3,ffc,400,341,59,0,48,11,0.009423375129699707,5.4330021142959595,1.6669996082782745,True,1,,../data/ds004883_Clayson/sub-2123/ses-3/eeg/sub-2123_ses-3_task-ffc_eeg.set,False
sub-2124,ses-1,ffa,900,817,80,3,70,10,0.009325265884399414,16.387999129772187,2.0000092685222626,True,3,,../data/ds004883_Clayson/sub-2124/ses-1/eeg/sub-2124_ses-1_task-ffa_eeg.set,False
sub-2124,ses-2,ffb,330,251,78,1,54,24,0.009815812110900879,14.482993260025978,1.2670017778873444,True,1,,../data/ds004883_Clayson/sub-2124/ses-2/eeg/sub-2124_ses-2_task-ffb_eeg.set,False
sub-2124,ses-3,ffc,400,299,99,2,63,36,0.009019732475280762,6.667002663016319,1.6669996082782745,True,1,,../data/ds004883_Clayson/sub-2124/ses-3/eeg/sub-2124_ses-3_task-ffc_eeg.set,False
sub-2125,ses-3,ffa,900,847,53,0,50,3,0.009353995323181152,16.401991801023485,2.0000092685222626,True,3,,../data/ds004883_Clayson/sub-2125/ses-3/eeg/sub-2125_ses-3_task-ffa_eeg.set,False
sub-2125,ses-1,ffb,330,312,16,2,15,1,0.009758353233337402,14.949003607034683,1.2670017778873444,True,1,,../data/ds004883_Clayson/sub-2125/ses-1/eeg/sub-2125_ses-1_task-ffb_eeg.set,False
sub-2125,ses-2,ffc,400,383,17,0,17,0,0.00966024398803711,6.933999806642532,1.6669996082782745,True,1,,../data/ds004883_Clayson/sub-2125/ses-2/eeg/sub-2125_ses-2_task-ffc_eeg.set,False
