participant,task,recordings,listed_recording_present
sub-1004,ffa,1,True
sub-1004,ffb,1,True
sub-1004,ffc,1,True
sub-1005,ffa,1,True
sub-1005,ffb,1,True
sub-1005,ffc,1,True
sub-1007,ffa,1,True
sub-1007,ffb,1,True
sub-1007,ffc,1,True
sub-1008,ffa,1,True
sub-1008,ffb,1,True
sub-1008,ffc,1,True
sub-1009,ffa,1,True
sub-1009,ffb,1,True
sub-1009,ffc,1,True
sub-1010,ffa,1,True
sub-1010,ffb,1,True
sub-1010,ffc,1,True
sub-1011,ffa,1,True
sub-1011,ffb,1,True
sub-1011,ffc,1,True
sub-1012,ffa,1,True
sub-1012,ffb,1,True
sub-1012,ffc,1,True
sub-1016,ffa,1,True
sub-1016,ffb,1,True
sub-1016,ffc,1,True
sub-1017,ffa,1,True
sub-1017,ffb,1,True
sub-1017,ffc,1,True
sub-1018,ffa,1,True
sub-1018,ffb,1,True
sub-1018,ffc,1,True
sub-1020,ffa,1,True
sub-1020,ffb,1,True
sub-1020,ffc,1,True
sub-1021,ffa,1,True
sub-1021,ffb,1,True
sub-1021,ffc,1,True
sub-1022,ffa,1,True
sub-1022,ffb,1,True
sub-1022,ffc,1,True
sub-1024,ffa,1,True
sub-1024,ffb,1,True
sub-1024,ffc,1,True
sub-1025,ffa,1,True
sub-1025,ffb,1,True
sub-1025,ffc,1,True
sub-1027,ffa,1,True
sub-1027,ffb,1,True
sub-1027,ffc,1,True
sub-1028,ffa,1,True
sub-1028,ffb,1,True
sub-1028,ffc,1,True
sub-1029,ffa,1,True
sub-1029,ffb,1,True
sub-1029,ffc,1,True
sub-1030,ffa,1,True
sub-1030,ffb,1,True
sub-1030,ffc,1,True
sub-1031,ffa,1,True
sub-1031,ffb,1,True
sub-1031,ffc,1,True
sub-1033,ffa,1,True
sub-1033,ffb,1,True
sub-1033,ffc,1,True
sub-1034,ffa,1,True
sub-1034,ffb,1,True
sub-1034,ffc,1,True
sub-1035,ffa,1,True
sub-1035,ffb,1,True
sub-1035,ffc,1,True
sub-1036,ffa,1,True
sub-1036,ffb,1,True
sub-1036,ffc,1,True
sub-1037,ffa,1,True
sub-1037,ffb,1,True
sub-1037,ffc,1,True
sub-1038,ffa,1,True
sub-1038,ffb,1,True
sub-1038,ffc,1,True
sub-1040,ffa,1,True
sub-1040,ffb,1,True
sub-1040,ffc,1,True
sub-1041,ffa,1,True
sub-1041,ffb,1,True
sub-1041,ffc,1,True
sub-1042,ffa,1,True
sub-1042,ffb,1,True
sub-1042,ffc,1,True
sub-1043,ffa,1,True
sub-1043,ffb,1,True
sub-1043,ffc,1,True
sub-1044,ffa,1,True
sub-1044,ffb,1,True
sub-1044,ffc,1,True
sub-1045,ffa,1,True
sub-1045,ffb,1,True
sub-1045,ffc,1,True
sub-1047,ffa,1,True
sub-1047,ffb,0,False
sub-1047,ffc,1,True
sub-1048,ffa,1,True
sub-1048,ffb,1,True
sub-1048,ffc,1,True
sub-1049,ffa,1,True
sub-1049,ffb,1,True
sub-1049,ffc,1,True
sub-1050,ffa,1,True
sub-1050,ffb,1,True
sub-1050,ffc,1,True
sub-1051,ffa,1,True
sub-1051,ffb,1,True
sub-1051,ffc,1,True
sub-1052,ffa,1,True
sub-1052,ffb,1,True
sub-1052,ffc,1,True
sub-1053,ffa,1,True
sub-1053,ffb,1,True
sub-1053,ffc,1,True
sub-1054,ffa,1,True
sub-1054,ffb,1,True
sub-1054,ffc,1,True
sub-1055,ffa,1,True
sub-1055,ffb,1,True
sub-1055,ffc,1,True
sub-1056,ffa,1,True
sub-1056,ffb,1,True
sub-1056,ffc,1,True
sub-1057,ffa,1,True
sub-1057,ffb,1,True
sub-1057,ffc,1,True
sub-1059,ffa,1,True
sub-1059,ffb,1,True
sub-1059,ffc,1,True
sub-1060,ffa,1,True
sub-1060,ffb,1,True
sub-1060,ffc,1,True
sub-1061,ffa,1,True
sub-1061,ffb,1,True
sub-1061,ffc,1,True
sub-1062,ffa,1,True
sub-1062,ffb,1,True
sub-1062,ffc,1,True
sub-1064,ffa,1,True
sub-1064,ffb,1,True
sub-1064,ffc,1,True
sub-1065,ffa,1,True
sub-1065,ffb,1,True
sub-1065,ffc,1,True
sub-1066,ffa,1,True
sub-1066,ffb,1,True
sub-1066,ffc,1,True
sub-1067,ffa,1,True
sub-1067,ffb,1,True
sub-1067,ffc,1,True
sub-1069,ffa,1,True
sub-1069,ffb,1,True
sub-1069,ffc,1,True
sub-1070,ffa,1,True
sub-1070,ffb,1,True
sub-1070,ffc,1,True
sub-2004,ffa,1,True
sub-2004,ffb,1,True
sub-2004,ffc,1,True
sub-2005,ffa,1,True
sub-2005,ffb,1,True
sub-2005,ffc,1,True
sub-2006,ffa,1,True
sub-2006,ffb,1,True
sub-2006,ffc,1,True
sub-2007,ffa,1,True
sub-2007,ffb,1,True
sub-2007,ffc,1,True
sub-2008,ffa,1,True
sub-2008,ffb,1,True
sub-2008,ffc,1,True
sub-2009,ffa,1,True
sub-2009,ffb,1,True
sub-2009,ffc,1,True
sub-2010,ffa,1,True
sub-2010,ffb,1,True
sub-2010,ffc,1,True
sub-2011,ffa,1,True
sub-2011,ffb,1,True
sub-2011,ffc,1,True
sub-2012,ffa,1,True
sub-2012,ffb,1,True
sub-2012,ffc,1,True
sub-2013,ffa,1,True
sub-2013,ffb,1,True
sub-2013,ffc,1,True
sub-2015,ffa,1,True
sub-2015,ffb,1,True
sub-2015,ffc,1,True
sub-2016,ffa,1,True
sub-2016,ffb,1,True
sub-2016,ffc,1,True
sub-2017,ffa,1,True
sub-2017,ffb,1,True
sub-2017,ffc,1,True
sub-2019,ffa,1,True
sub-2019,ffb,1,True
sub-2019,ffc,1,True
sub-2020,ffa,1,True
sub-2020,ffb,1,True
sub-2020,ffc,1,True
sub-2021,ffa,1,True
sub-2021,ffb,1,True
sub-2021,ffc,1,True
sub-2022,ffa,1,True
sub-2022,ffb,1,True
sub-2022,ffc,1,True
sub-2023,ffa,1,True
sub-2023,ffb,1,True
sub-2023,ffc,1,True
sub-2024,ffa,1,True
sub-2024,ffb,1,True
sub-2024,ffc,1,True
sub-2025,ffa,1,True
sub-2025,ffb,1,True
sub-2025,ffc,1,True
sub-2026,ffa,1,True
sub-2026,ffb,1,True
sub-2026,ffc,1,True
sub-2027,ffa,1,True
sub-2027,ffb,1,True
sub-2027,ffc,1,True
sub-2028,ffa,1,True
sub-2028,ffb,1,True
sub-2028,ffc,1,True
sub-2029,ffa,1,True
sub-2029,ffb,1,True
sub-2029,ffc,1,True
sub-2030,ffa,1,True
sub-2030,ffb,1,True
sub-2030,ffc,1,True
sub-2031,ffa,1,True
sub-2031,ffb,1,True
sub-2031,ffc,1,True
sub-2032,ffa,1,True
sub-2032,ffb,1,True
sub-2032,ffc,1,True
sub-2034,ffa,1,True
sub-2034,ffb,1,True
sub-2034,ffc,1,True
sub-2035,ffa,1,True
sub-2035,ffb,1,True
sub-2035,ffc,1,True
sub-2036,ffa,1,True
sub-2036,ffb,1,True
sub-2036,ffc,1,True
sub-2037,ffa,1,True
sub-2037,ffb,1,True
sub-2037,ffc,1,True
sub-2038,ffa,1,True
sub-2038,ffb,1,True
sub-2038,ffc,1,True
sub-2039,ffa,1,True
sub-2039,ffb,1,True
sub-2039,ffc,1,True
sub-2040,ffa,1,True
sub-2040,ffb,1,True
sub-2040,ffc,1,True
sub-2041,ffa,1,True
sub-2041,ffb,1,True
sub-2041,ffc,1,True
sub-2042,ffa,1,True
sub-2042,ffb,1,True
sub-2042,ffc,1,True
sub-2043,ffa,1,True
sub-2043,ffb,1,True
sub-2043,ffc,1,True
sub-2044,ffa,1,True
sub-2044,ffb,1,True
sub-2044,ffc,1,True
sub-2045,ffa,1,True
sub-2045,ffb,1,True
sub-2045,ffc,1,True
sub-2046,ffa,1,True
sub-2046,ffb,1,True
sub-2046,ffc,1,True
sub-2047,ffa,1,True
sub-2047,ffb,1,True
sub-2047,ffc,1,True
sub-2048,ffa,1,True
sub-2048,ffb,1,True
sub-2048,ffc,1,True
sub-2049,ffa,1,True
sub-2049,ffb,1,True
sub-2049,ffc,1,True
sub-2050,ffa,1,True
sub-2050,ffb,1,True
sub-2050,ffc,1,True
sub-2051,ffa,1,True
sub-2051,ffb,1,True
sub-2051,ffc,1,True
sub-2052,ffa,1,True
sub-2052,ffb,1,True
sub-2052,ffc,1,True
sub-2053,ffa,1,True
sub-2053,ffb,1,True
sub-2053,ffc,1,True
sub-2054,ffa,1,True
sub-2054,ffb,1,True
sub-2054,ffc,1,True
sub-2055,ffa,1,True
sub-2055,ffb,1,True
sub-2055,ffc,1,True
sub-2056,ffa,1,True
sub-2056,ffb,1,True
sub-2056,ffc,1,True
sub-2057,ffa,1,True
sub-2057,ffb,1,True
sub-2057,ffc,1,True
sub-2058,ffa,1,True
sub-2058,ffb,1,True
sub-2058,ffc,1,True
sub-2059,ffa,1,True
sub-2059,ffb,1,True
sub-2059,ffc,1,True
sub-2060,ffa,1,True
sub-2060,ffb,1,True
sub-2060,ffc,1,True
sub-2061,ffa,1,True
sub-2061,ffb,1,True
sub-2061,ffc,1,True
sub-2062,ffa,1,True
sub-2062,ffb,1,True
sub-2062,ffc,1,True
sub-2063,ffa,1,True
sub-2063,ffb,1,True
sub-2063,ffc,1,True
sub-2064,ffa,1,True
sub-2064,ffb,1,True
sub-2064,ffc,1,True
sub-2065,ffa,1,True
sub-2065,ffb,1,True
sub-2065,ffc,1,True
sub-2066,ffa,1,True
sub-2066,ffb,1,True
sub-2066,ffc,1,True
sub-2067,ffa,1,True
sub-2067,ffb,1,True
sub-2067,ffc,1,True
sub-2068,ffa,1,True
sub-2068,ffb,1,True
sub-2068,ffc,1,True
sub-2069,ffa,1,True
sub-2069,ffb,1,True
sub-2069,ffc,1,True
sub-2070,ffa,1,True
sub-2070,ffb,1,True
sub-2070,ffc,1,True
sub-2071,ffa,1,True
sub-2071,ffb,1,True
sub-2071,ffc,1,True
sub-2072,ffa,1,True
sub-2072,ffb,1,True
sub-2072,ffc,1,True
sub-2073,ffa,1,True
sub-2073,ffb,1,True
sub-2073,ffc,1,True
sub-2074,ffa,1,True
sub-2074,ffb,1,True
sub-2074,ffc,1,True
sub-2075,ffa,1,True
sub-2075,ffb,1,True
sub-2075,ffc,1,True
sub-2076,ffa,1,True
sub-2076,ffb,1,True
sub-2076,ffc,1,True
sub-2077,ffa,1,True
sub-2077,ffb,1,True
sub-2077,ffc,1,True
sub-2078,ffa,1,True
sub-2078,ffb,1,True
sub-2078,ffc,1,True
sub-2079,ffa,1,True
sub-2079,ffb,1,True
sub-2079,ffc,1,True
sub-2080,ffa,1,True
sub-2080,ffb,1,True
sub-2080,ffc,1,True
sub-2081,ffa,1,True
sub-2081,ffb,1,True
sub-2081,ffc,1,True
sub-2082,ffa,1,True
sub-2082,ffb,1,True
sub-2082,ffc,1,True
sub-2083,ffa,1,True
sub-2083,ffb,1,True
sub-2083,ffc,1,True
sub-2084,ffa,1,True
sub-2084,ffb,1,True
sub-2084,ffc,1,True
sub-2085,ffa,1,True
sub-2085,ffb,1,True
sub-2085,ffc,1,True
sub-2086,ffa,1,True
sub-2086,ffb,1,True
sub-2086,ffc,1,True
sub-2087,ffa,1,True
sub-2087,ffb,1,True
sub-2087,ffc,1,True
sub-2088,ffa,1,True
sub-2088,ffb,1,True
sub-2088,ffc,1,True
sub-2089,ffa,1,True
sub-2089,ffb,1,True
sub-2089,ffc,1,True
sub-2090,ffa,1,True
sub-2090,ffb,1,True
sub-2090,ffc,1,True
sub-2091,ffa,1,True
sub-2091,ffb,1,True
sub-2091,ffc,1,True
sub-2092,ffa,1,True
sub-2092,ffb,1,True
sub-2092,ffc,1,True
sub-2093,ffa,1,True
sub-2093,ffb,1,True
sub-2093,ffc,1,True
sub-2095,ffa,1,True
sub-2095,ffb,1,True
sub-2095,ffc,1,True
sub-2096,ffa,1,True
sub-2096,ffb,1,True
sub-2096,ffc,1,True
sub-2097,ffa,1,True
sub-2097,ffb,1,True
sub-2097,ffc,1,True
sub-2098,ffa,1,True
sub-2098,ffb,1,True
sub-2098,ffc,1,True
sub-2099,ffa,1,True
sub-2099,ffb,1,True
sub-2099,ffc,1,True
sub-2100,ffa,1,True
sub-2100,ffb,1,True
sub-2100,ffc,1,True
sub-2101,ffa,1,True
sub-2101,ffb,1,True
sub-2101,ffc,1,True
sub-2102,ffa,1,True
sub-2102,ffb,1,True
sub-2102,ffc,1,True
sub-2103,ffa,1,True
sub-2103,ffb,1,True
sub-2103,ffc,1,True
sub-2104,ffa,1,True
sub-2104,ffb,1,True
sub-2104,ffc,1,True
sub-2105,ffa,1,True
sub-2105,ffb,1,True
sub-2105,ffc,1,True
sub-2106,ffa,1,True
sub-2106,ffb,1,True
sub-2106,ffc,1,True
sub-2107,ffa,1,True
sub-2107,ffb,1,True
sub-2107,ffc,1,True
sub-2108,ffa,1,True
sub-2108,ffb,1,True
sub-2108,ffc,1,True
sub-2109,ffa,1,True
sub-2109,ffb,1,True
sub-2109,ffc,1,True
sub-2110,ffa,1,True
sub-2110,ffb,1,True
sub-2110,ffc,1,True
sub-2111,ffa,1,True
sub-2111,ffb,1,True
sub-2111,ffc,1,True
sub-2112,ffa,1,True
sub-2112,ffb,1,True
sub-2112,ffc,1,True
sub-2113,ffa,1,True
sub-2113,ffb,1,True
sub-2113,ffc,1,True
sub-2114,ffa,1,True
sub-2114,ffb,1,True
sub-2114,ffc,1,True
sub-2115,ffa,1,True
sub-2115,ffb,1,True
sub-2115,ffc,1,True
sub-2116,ffa,1,True
sub-2116,ffb,1,True
sub-2116,ffc,1,True
sub-2117,ffa,1,True
sub-2117,ffb,1,True
sub-2117,ffc,1,True
sub-2118,ffa,1,True
sub-2118,ffb,1,True
sub-2118,ffc,1,True
sub-2119,ffa,1,True
sub-2119,ffb,1,True
sub-2119,ffc,1,True
sub-2120,ffa,1,True
sub-2120,ffb,1,True
sub-2120,ffc,1,True
sub-2121,ffa,1,True
sub-2121,ffb,1,True
sub-2121,ffc,1,True
sub-2122,ffa,1,True
sub-2122,ffb,1,True
sub-2122,ffc,1,True
sub-2123,ffa,1,True
sub-2123,ffb,1,True
sub-2123,ffc,1,True
sub-2124,ffa,1,True
sub-2124,ffb,1,True
sub-2124,ffc,1,True
sub-2125,ffa,1,True
sub-2125,ffb,1,True
sub-2125,ffc,1,True
